AiIDYjJmGEIIMismHdJiIyJjMiISYxvRMiFv4zIhHZMyIf/jMiFSIfzlUiEX1TIhUiEA5QIhciEyIRTTFdAwYw==,sh4
8DZhAH0BKQc5FygHlmICKBeWEgIoF+bCHDEAACgXAAJAMDCxKAcnIww4BygXABJAACOhRgAAKAcd8AAAADZhAA==,xtensa
AFgQ0c6/HxAAp8T/TlgQ0apYIBAIWBDRzlAg8GTWAxAE8GQYKlhA8KiYj/CQB/QHBwAAAAAAAAAAAAAAAAAAAA==,s390
AABLMggALCoBAB8iAAB9pwBAW2sAALonAAC9IxAE4EcIAEyiAAArIgAAfacAQFtrAAC6JwAAvSMAAOBzIAHgQw==,alphaev56
DABEjAAAAjwAAESsAABDrAEAAyQAAEOsohYDPLIFYyQAAEOsITAAACE4AAAAAAQ8AACEJAAAAAwAAAAAIRAAAA==,mipsel
CJUA0ICRAACQkQAAkJMAAICTAAAfkh+SH5Ifkh+SH5Ifkh+SgOCQ4J+Tj5MA0I23nrcKlg+2+JSevw++jb+A4A==,avr
AADqIgCg4wwwjeI8IKDjJBCU5QEgUuIAMIHlMBCf5fr//xoBAFDi9///GigwkeUsMJHlNCCU5QAQoOMAMJLlOA==,arm
g+UAAIPlABCR5VAAn+UAEIPlMRCg4wAQg+UAQIPlHBCS5QAQg+WwItLhACCD5TAgn+UAIIPlLCCf5QAgg+UAIA==,arm
AACsRAAAPAQAAIyEAAQnvf/grEQAACQE/+ysRAAAPAQAAIyEABAAADghrEQAADwEAACMhAAMAAAwIaxEAAA8BA==,mips
IjFhHWESIgIiMoUyUQ1gAiIR0BIiUmEA5RIiC0AJAADgJk8LAAkABtParzGBWjcwAAAALAAAABQAAAAYAAAABA==,sh4
NH0qS9Z9KQc0SAAADKE/AAh9KQc0fSNLeDl/ACCD6//8fWFbeE6AACCUIf/gk+EAHHw/C3h8aRt4kJ8ADLE/AA==,powerpc
BQAAAACJBQAAAADHBQAAAAD5////xwUAAAAA+f///8cFAAAAAPn////HBQAAAAABAAAAxwUAAAAA06WupA++BQ==,x86_64
ACCTAAAgkQAAMJEAADCTAAAgkwAAIJEAADCRAAAwkwAAIJMAACCRAAAwkQAAMJMAACCTAACQkwAAgJMAAB+SHw==,avr
AJzlCCDc5QQwkeUAAIHlACCB5QAwgeUQ4NzlACCg4//gDuIAMKDjHACf5QBAjOUA4IHl/v//6wQAoOEQQL3oHg==,arm
JwgA4AMAAAAA4P+9JxwAv68YAL6vIfCgAyAAxK8kAMWvKADGrywAx68oAMKPLADDjwAAAAAlEEMACQBAEAAAAA==,mipsel
AAAcAAAAHAAAACwAAAyNrQh2ig3iCwDiCwDiCwDQmRALiKEAAGy7mQyRAACySgAMOqkJkQAAfFqpCZEAAIJJAg==,xtensa
AHI9/wb////9AAAAAYYAAAAMCYxJkQAAkgkGG4iRAACJCYEAAIgIpjjaIQAAHfAAADZBAAwIRgAAG4imGPp8yQ==,xtensa
AAAAAAAAAEK5AAAAAHAII8AAAAAAI8EAAAAAcgcjwQAAAABCgmAuIgLSgdKI0oAiMB2wAAAAACPBAAAAAFKAYA==,m68k
AODg8OCAgZGBkJMAAICTAACCgZOBkJMAAICTAACEgZWBkJMAAICTAADg4PDggIGRgZCTAACAkwAAgoGTgZCTAA==,avr
bHgKAEoAADigAABVKQY+mOoAAn0GS5Y44P/ikOoAA30oSdZ8yTBQOSAAAVTG5z59JjYwgQoACIDqAAyBKAAAfQ==,powerpc
AhYAAAIWAwBAICGTwwAIk8IADABiECYAAh4AAAMeAyQC/4AAYhAkAAIeAAADHgOTwgAIAGIQJgACFgAAAhYDAA==,mips
50JmAOUCE2IhQVZyI2IhQlZiIUNWYiFEVmIhRVYZ1GIhFNZiZmIhF9ZiIWIhF9ZiIQDmciExUzIhFdMCITIhFA==,sh4
AAAkYwAIlGQABKxEAACQZAAGrEQAAIxjAAisQwAAPANbKSRjIZesQwAAPAOiCCRjUNqsQwAAPAMAAJBjAASsQw==,mips
T3Og8fGcx24PttIxFQAAAACD6AGJBQAAAABIg+4Eg/j/dYaLBQAAAACJBQAAAADHBQAAAAD/////iwUAAAAAiQ==,x86_64
SpBCIAAAHSYAAH2nEQT/RwAAECIAAEGwHwT/RwBAW2sAALonAABepwAE/0cAAL0jEADeIwGA+msAAD0kogPiQw==,alphaev56
AKcI/+lYMNEWWEDRElgg0Q5WIDAAUCAwAFgwQABYENEKQUDwZFBAMABQABAAUFAQAFhQ0QZYMNECUDAQAFgA0A==,s390
ORcoB6YSEygXphIOMQAAIicBIDPSIicAJyNTKAemEhIoF+YSDTEAACgHICPSMicBJyM7KAfmEhEoF6YSDDEAAA==,xtensa
CC8ZLyotOy1MLV0tbi1/LYAvkS8AwCmBOoFLgVyBbYF+gY+BmIWiLrMuxC7VLuYu9y4ILxkvKi07LUwtXS1uLQ==,avr
6wDoIdYh2jeZ/nERZMGFCCD/4Apu8mDjNwSPAiUybk1kDqBCLjJkQmQEdAHgCiRPZAF0tjQCiTJkAqCCJDJksg==,sh4
ISfSImIiISHSImIiITeSIiFwYiIhcYQr0gIhcoQCISFiYYUiISySIiFhYi1iIiENYmKFIiENYmOFIiENYmSFIg==,sh4
AIno99DB6B9AD77Nmff5D7bAQA+2zZn3+YPIBbkyAAAA0/iJw74AAAAAvwAAAADoh////w+/PQAAAABIicbo7g==,x86_64
ZLOYUBCn9AAEWBBQdhghWECwoJi/sJQH9E8AAADPAAAAf////wAAAP8AAAABkL7wLBi/GABYQLA4mL6wLAf0Bw==,s390
neO/oIQQIAYDAAAABwAAAMQgYADEIOAABQAAAMQAoACwECAAkhAgAJQQIADEIGAAEQAAAEAAAACQEiAAgcfgCA==,sparc
LQpNAiEAAL0ErQPgAgAtCj0CIQAAIDMQIQAAsQAAMKMg4AIALQqmEgYoB0YDAAAAIQAAuBeoB+ACAC0KHfAAAA==,xtensa
AAAAAEkBAAAAAkkOIAL/DggAAAAAAAAAAACDwgWDyAGD+v589UiD7BiJBQAAAABIiwUAAAAAiRUAAAAASMdEJA==,x86_64
n+UAYJDlEECR6QBQgeUAQIHlAOCB5QDAgeUAIIHlADCB5QjAkOUAIKDjAMCB5bzA0OEAMKDjIACf5QDAgeX+/w==,arm
AODDAgT/R6FdQED5/z/0AzBgQAEA4MMDBP9HoT1gQPj/P/QAAF0kAAAioCExIEAAACKwAgDgwwAAPSQAACGkKQ==,alphaev56
AABBDhCGAkMNBgNaAQwHCAAcAAAASAwAAAAAAACYAAAAAEEOEIYCQw0GApMMBwgAABwAAABoDAAAAAAAAIABAA==,x86_64
ABwAAABMAAAAAAAAACcBAAAAQQ4QAyUBDggAAAAAAAAAAADHAP8AAADHBQAAAADl////uOX/////wIP49XQGsQ==,x86_64
w1VIieXyDxFF+PIPEU3w8g8QTfDyDxAFAAAAAGYPVMHyDxANAAAAAGYPLsgPl8CD8AGEwHVaZg/vwGYPLkXweg==,x86_64
rQAASI0AAEasAABMrAAAR6wAAESsPABpjAAABDwMAKOMITAAAAAABTwhOAAAAACEJAAASawIAKisAABDrAAAQA==,mipsel
ImMd0jIiFtIiYxzSMiKCYzIigVMyIgnjEiIG4QIiEiIyIhIiEiIyIhIiEiIyIhIiQmET0BIiE9EU1BJhEiIB4Q==,sh4
+EiYSI1VsEiJVMWgg0X4AYN9+AB+6EiLBQAAAABIiwDHBQAAAAABAAAA6yqLDQAAAABIiwUAAAAASIsQSGPBSA==,x86_64
AAD8////AOUK0QDmCtAiISIhCpIJ1CIhCdIhUiIhC0AJAADgJk8LAAkAYDgJAAAAAAAAAAAAAAAAAAAAAAAAAA==,sh4
AiEAACBDEAwSMQAAsQAAQKQg4AMAPQrmEwEMAiAwdAwSICMwICB0jOIhAAC4F6InAOACAC0KRgAAKAcd8AAAAA==,xtensa
idBIOfJ0BkiNUBLrzMcFAAAAAPb///8PtgUAAAAAiQUAAAAAiwUAAAAAiQUAAAAAxwUAAAAAAwAAALgAAAAAuQ==,x86_64
SEINREgEBGJEAABlLAMAQSwAAL0kwwRhSEENQUgAAEWgAwRhRCF2YEghMSBAAQQiRAAAXSQBMCBEAABCpAAAJQ==,alphaev56
oABYUNGiUFDwZFhQIAhZUBAAp4QAfFgQIAhYkNGaWFDRlliA0ZJYENGOQXDwZFBwoABYoIAAWKBAAFCgEABYoA==,s390
gZqBGBYZBgT0i4GcgRgWGQYE8IDgkOgpgTqBYi9zLwDQhi+XLygvOS+LgZyBgheTBwT0AMCJgZqBGBYZBgTwiw==,avr
ANEAgACBqkqoAQAAAAmAAAMBAAAAghAgAIIYYAGCCGD/gKBgABKAACQBAAAA0wegSAMAAACCEGAA0QBAAIGqSg==,sparc
hShgAjsAAAD4B2AAf///v5AQIAC2EAAI+gdgAJMvYBiRL2AQkzpgFkAAAACROiAQgKIgAQSAAAQDBKymEIAAAw==,sparc
AAAAAAAAAXpSAAF4EAEbDAcIkAEAABQAAAAcAAAAAAAAAEMAAAAARA4Qfg4IAAAAALOfnEToAAAAADHASIPECA==,x86_64
LzkAAAAAcABGAMC5AAAAAC8AQ+7/+k66/4JRjy6u//o/bv/+AAROuv9GLwJCpzB5AAAAAC8ITrr/FE/vACQIAA==,m68k
AAAAAXpSAAF8DgEbDA9gAAAAIAAAABgAAAAAAAABBABEjQuOCo8JRg7AAQLGz87NDmAAIABQMBAAWDAgBFAwEA==,s390
AIEAAAxpwCAAmQiRAADBAACSCQCQkHTAIACZCAwJkKmQwKqgwCAAuAobmcAgALkIwCAAuBrAIAC5CMAgAKgqwA==,xtensa
CIDfAAw8YH//YGP//ziA//9IAAABfIojeHxpG3iBHwAQf4hIAEGcAFyBHwAQf4hIAECeABCBHwAUf4hQQEGcAA==,powerpc
ghAAGsI3oEwDAAAcghBg8cI3v/4DAAAAghBgAMInv/QDAAAAghBgAMIAQACDKGAQhThgEMIXv/6DKGAQgzhgEA==,sparc
AOAAxiBgAAcAAADGAOAAxiBgAIYQP//GIGAAxiBgAAcAAACIEOAAxgjgAIco4BiHOOAYxiBgAMYJIAGHKOAYhw==,sparc
AICTAADg4PDggIGZJ4f9kJWQkwAAgJMAAIGBkoGQkwAAgJMAAIOBkOCQkwAAgJMAAEDgUOAAwAGWAMCA4JDggw==,avr
0zFjMiEb0zJjMiFQYzIhAuNRhAIhUoQCIVOEAOUCITIhFdMW0DJjMiEd4zIhIiELQAkAAOAmTwsACQCJQiAAAA==,sh4
MJPlADCT5RQwC+VgMJ/lADCT5QEwQ+JUIJ/lADCC5Uwwn+UAMJPlHQBz48j//7o8MJ/lACCg4wAgg+UAAKDhLA==,arm
mYEAAJkIgQAAmAgM+Jcoz5EAAIgJgsj7iQmBAACYCHxIhymHgQAAwCAAiAgMCZkIgQAAIggDHfA2QQCl9f+BAA==,xtensa
aRYd/////4IQYh05AAAACQAAAMInIACIESAAxgkgBMQJIAWHKOAY+gkgBoUooBDICSAHhBCAA4MvYAiCEEACgg==,sparc
1zIiEVMIcWAxMiL3iyJPAOEN0BInAOUN0QDmDdQSYRInDNESJwtACQAA4CZPCwAJADAAAAAIAAAACAAAAAAAAA==,sh4
kUkAADlAAACRXwAIgT8AGIh/ACyBKQAAOSAAAZE+AABIAAABgSMAAIFeAAAviQAAOSD/+n1KSDiRXgAAQb4ADA==,powerpc
AAAAYhAhhEMAADwCAACsQwAAJIQAASiCAAIUQP/0AMUQISSlAAEYoP/7AAAgISTGAAEowgACFED/+wAAKCE8Ag==,mips
AAABelIABHgaARsNHgAYAAAAGAAAAAAAAACEAAAAAEYOEEWaAlXaDgAAAwCjRAAAfacAAGSwAAB9JAAAY6ARBA==,alphaev56
AABDDjBDmgaJBYoEApTKydoOAAAAHAAAAAQBAAAAAAAAKAEAAABDDiBBmgQCRdoOAAAAAAABAOFDEABeoAIAQA==,alphaev56
1OUAAIHlRADU5UjAlOVE4JTlRGDU5QIsoOEDPKDhLuSC4f9AAOIsxIPhZACf5QAgoOMAMKDjAECB5QDggeUAwA==,arm
AAwAYhAjMEIA/wACFgAAAhYDEAAAAgAAAACDwgAIA8DoIY++AAQnvQAIA+AACAAAAAAnvf/4r74ABAOg8CEAgA==,mips
IYRSIQDlYiEA5nIhHtdxZ3IhHddwZ3IhCedyISBnDGIb0HxnciEiIRrSMiEiYzIhIVMyISJTMiEjUzIhJFMyIQ==,sh4
uhdgALQWoAC2FuAAshZg9rAWIjjEBwAAgKC//AKAACSGFCAAAwAAAOIAYADQAOAEkhi/p5EqIBiAoKAAEoAADA==,sparc
xwUAAAAA4////8cFAAAAAP/////HBQAAAAD/////xwUAAAAA/v///8cFAAAAAP/////HBQAAAAD+////6AAAAA==,x86_64
AAAAAAAAAAAAAJxLAAAAAAAAAP8AAAAAkN/wNA3Qp/r/oFgQ0NoN4acYAACn9AAEpxoAAaceAAGnxP/8pxgAAA==,s390
wg+UwA+20EiLhXD///+LACHCSIuFcP///4kQiwUAAAAAg8ABiQUAAAAAiwUAAAAAhcAPhP7+//+LBQAAAACDwA==,x86_64
A6coAABYQPA4WODwOAf0AAAAAAAAAABQ4PA4DVCnGAAAp/QABKcaAAGnHgABp8T//KcYAACn9AAEpxoAAaceAA==,s390
lOIBEKATAgCg4cn//+sFMKDhCCCg4f8QoOMBAKDjsv//6wAIoOECCFDjAACggwEAoJMAAFjhAACgEwAA4AMHAA==,arm
iUjZH7/wAwAAAIIQYADRGEAAkaMJSJGiiMiVoAEol6AAKQMAAACCEGAA0RhAAIGqisgBAAAAHYAABQEAAADRHw==,sparc
RAAArEMAADwDAACQYwAEPAQAAAADHgAAAx4DrEMAACQD//msQwAAPAMAAIxjAAAAADghAAAwISSEAACsQwAArw==,mips
UCIQs4ByAiPBAAAAACSASHgAAUh4AAEvOQAAAAAvFU6UT+8AECPIAAAAACa8AAAAACA5AAAAAFKAI8AAAAAAcg==,m68k
GGAAgKAAAYJAIACCCGD/ghjAAYCgAAGCYD//hghg/8IHoEiAoMABGIAACwEAAAADAAAAghBgAMIAYAyAoGAAAg==,sparc
AYD6awAAuycAAL0j4P/eIwAAXrcQAB4iAAB9p4p/W2sAALonAAC9IwAAPSQAAEEoAgDicwAAPSQAAEGwAABdJA==,alphaev56
ACAhJMYAASjCAAMUQP/6AAAoITwCAACMQwAAPAIAAKxDAAAkAwAHrEMAADwDAAAkYwAAlGMABAADHAAAAxwDrA==,mips
AAAABwAAAPgAYAADAAAAghBgAMQAYAjEIOAAiBDgAMQAYAzEISAExABgCMQg4ADEAGAMxCEgBDsAAAD2AGAIhA==,sparc
AMAgYACEECARxCBgAAUAAADGEKAAhyjgEIcw4BDGIGAAhBCgAMYQoAKHKOAQhzDgEMYgYADGEKAEhyjgEIcw4A==,sparc
Ak4OEGAOCIkNAAAAAItKBIkNAAAAAItSCIkVAAAAAHXKSIPsCIsFAAAAADH2vwAAAACJBQAAAAAxwOgAAAAAMQ==,x86_64
Ik8iIQDlC9EA5gvQIiEL0gvUImIiIQvSImIiIQDiIiFY4iIhC0AJAADgJk8LAAkAGAAAAAAAAAAAAAAAFAAAAA==,sh4
BADR5f8AAOIAAIPlBQDR5f8AAOIAAIPltgDR4QAAg+UIANHl/wAA4gAAg+UMAJHlAACD5bAR0eEAEIPlSBCf5Q==,arm
4eDw4EgXWQcB8ODg8OCB4JDgITAxBQH0gOCQ4GTkeecA0ADA9ZXnlYqVAvRB4FDg4hfzBwT0QOBQ4ICRAACQkQ==,avr
BLCN4gjQTeIAIKDhATCg4bYgS+G4MEvhuDBb4QAAU+MIAAAKtjBb4bggW+ECEKDhAwCg4f7//+sAMKDhAzig4Q==,arm
GAAAABgAAAAAAAAAnAAAAABIDhBRmgJN2g4AAAAAQbARBP9HAABBsAAAECIAAEGwAABBsP//XyAfBP9fAABBsA==,alphaev56
ceNiDHIvEeNh1HEfUQDiIiEG0RJhEmFaQQ3xHfFaABR+42/2bgsACQAIAAAAHAAAAOYvIk/0f/Nu42HMcU4R4w==,sh4
UABYENHOpwj//1AAEABYANHKUAAQAFAAEACnCAAAUAAQAEgAoABUANHGUAAQAEMAwABUANHCUAAQAFjA0b5YAA==,s390
+f//ChBALekAQKDjFDCS5RgQkuVwMJ/lEECC5QBAg+UAEIPlABCS5WAAn+UAEIPlBBCS5QAQg+UIEJLlABCD5Q==,arm
fAgCppQh//A4wP//PGAAADhjAACQAQAUkMkACICpACCgyQAYgMkAHJDpACA44AABkKYAALEJAAyAygAAOMAAAA==,powerpc
Vv/8LXwAAAAA//wgOQAAAAAiOQAAAAAtQf/8cgEjwQAAAAAgbv/8SpBnCCI5AAAAAGACUoASOQAAAABTARPBAA==,m68k
AFgwMACnOAD/FDIZE6dYAAGnRAAEp1gAAFgQ0QZUINEWWLDRAlAgEACnKP/tUCAQAFgg0P5QIBAAUAAQAFig0A==,s390
AAAAAAF6UgAEeBoBGw0eABgAAAAYAAAAAAAAAEwAAAAAQw4QQZoCTtoOAAAAQFtrAAC6JwAAvSMABP9HAABepw==,alphaev56
CMAgACkIwCAAqArAIACpCKEAAMAgAKkIoQAAwCAAqArAIACpCHzKwCAAqQjAIACpCMAgACkIoQAAwCAAqArAIA==,xtensa
bHgKADSD4UAQn+UAMIHlAjDS5QMA0uUANIPhBADS5QUg0uUAOIPhAjyD4QAwgeUAIKDjADCg4xQAn+X+///rEA==,arm
TlYAAHD/I8AAAAAAI8AAAAAAQoAwcA2wAAAAADBII8gAAAAAMHANsAAAAAAwSCPIAAAAAFKAcgOygGbYIDkAAA==,m68k
ADhjAACRCQAAgQoACJEJAACBCgAMgUoAEJEJAACRSQAAPUAu1GFKAz6RSQAAPUALLWFK5H6RSQAATMYxgkgAAA==,powerpc
KOAIhhDABMgIoAOGEQADxiBgAMgIoAS7KSAYxgigBYco4BCIEMAdxgigBoco4AiGEMAEyAigB4YRAAPGIGAAyA==,sparc
AAAABAC5CMAgAJkIkQAAwCAAmQh86cAgAJkIkQAAwCAAmQiRAACSGQCQkPTAIACZCJEAAMAgAKkIwCAAmQiRAA==,xtensa
LwIgLgAQIi4AFESBQIBnTCAuAAgiLgAMJDyAAAAAQoOSg5GCZhIgLgAQIi4AFHT/dv+Sg5GCZyQvLgAULy4AEA==,m68k
pn//EoAAB5AQIAHCF7/+gyhgEICgYAAigAACkBAAEJEqIBiSED+6QAAAAJE6IBiQCiD/gyoAGYIewAGSEAAZgA==,sparc
AEcAAACb7mpM/wAAAAAJTAI74AAAgGkAADmJAAyBSQAIOIT//5PpAARUhAQ+fKxkqnyqZaqBSQAcmAkAGpFqAA==,powerpc
AAAEPAMWAgBAAIMkAgBAFBwAv68IAGKMAAACPAAAQKwBAAYkAAACPAAARqwAAAY8VADGjCE4AAAAAEasAABFrA==,mipsel
4QwQlOUAAJriAQCgEwwAjehwMZ/lCECE5QAwgeUMEJTlCBCU5QCAlOUAYJHlEMCU5QgAUOEAAKDTAQAGwgAQZg==,arm
KQc5FyEAALEAAKInAOACAC0KPQIhAACxAACoF+ACAC0KTQIhAAC9BK0D4AIALQo9AiEAACAzECEAALEAADCjIA==,xtensa
wZ8ACMAfAAzsDAAq/CAAkDl/ACCD6//8fWFbeE6AACCUIf/gk+EAHHw/C3jQPwAI0F8ADMGfAAg9IAAAwAkAAA==,powerpc
kaJIqJOgASgDAAAAghBgANEAQACBqkqoAQAAAB2AAAUBAAAA0QegRBCAAAUBAAAA0wegRNEHoEiRokiogaAAKA==,sparc
DBrAIAC4CQuIVjj/gQAAfCu5CIwqfPiJDKEAALEAAMAgAIgKgQAAwCAAuAsMAsAgALkIsQAAwCAA2Au4DMAgAA==,xtensa
A8YgoADID2AE9A9gBYkpIBjGD2AGtS6gEPoPYAeIFoAEhyjgCIYQwASGF0ADxiCgAMgO4AD6CiAB9gogA8YKIA==,sparc
8lggIAAQIqcq//+IIAAfUCBAAFgg0Y5QkDAAWLDRgqeYAA5QkCAAWKDRfliQEABYkNF6UJBAAFhAsABYwMAAWA==,s390
kQAAwCAAmQiRAACSCQCQkHTAIACZCMAgAKkIoQAAkgoAkJB0wCAAmQiYGsAgAJJoAIEAALEAAJEAAKIIAMAgAA==,xtensa
ImMyISKFAiEY0AtACQAA4CZP9mr2aQsA9mgV0RXaOyESIhXRFdISYSIhCQAM1Ah4BuYLSkNl+a+CKRObXQAAAA==,sh4
oOMAAIHlBOCc5QAwoOMA4IHlCMCc5SAAn+UAwIHlAECB5QBAgeX+///rBACg4RBAvege/y/hAAAAAAAAAAAAAA==,arm
VgAALwoz/P/6AAAAAGBkAoAAAP//I8AAAAAAQrkAAAAAYEBF+QAAAAAgEknAcoKSgEqBXsBJwESALwBOuv6MLw==,m68k
IBAAUFAQAFgg0QKnGAAApzgAAFAQwAAN61hA8JinKAAAmL/wjAf0WEDQ/lhQ0R6nGAAAUBBQAFgQQAC/HxAApw==,s390
AAAF0AAAAAAAAAEAAESLDYwMjQuOCo8JRg7QAUINCwLgz87NzMsMD2AAAAAAAAA4AAAGAAAAAAAAAADUAESGEg==,s390
ABuIshUCcIigwCAAOAnAIACICCUAAMAgAJgEoQAADBipCZIGA6gFzLnAIACIBwwbgLmDsIsggCIQgQAAshUCIg==,xtensa
oV8ACIE/AAx9SUgwVSkEPkgAAAihPwAIfSNLeDl/ACCD6//8fWFbeE6AACCUIf/gk+EAHHw/C3h8aRt4kJ8ADA==,powerpc
/rUPBP5HAgTwRwEE8UcQAE+wFAAvsBQAL6Ah9iFICQAg5BAAT6AUAC+gGATiRxkE4UcAAH2nAED7agEE+0cBAA==,alphaev56
mSeH/ZCVkJMAAICTAACB4JDgkJMAAICTAAAfkh+SH5Ifkh+SH5Ifkh+SgOCQ4J+Tj5MA0I23nrcKlg+2+JSevw==,avr
9ACgBPQgYADEAKAIxCBgAAUAAADEAKAAxCBgAAUAAADEAKAAxCBgAMQGYATEIGAAxAZgCMQgYAAFAAAAxACgAA==,sparc
KiMgIHQGAQAAACIHAB3wAAAANmEAfQFNAi0DQkcAIkcEMgcAIgcEICPAICB0HfAAAAA2YQB9AU0CLQNCRwAiRw==,xtensa
E2D/iA6J42MIc+Ni0HIM0TJkMVUsVi1XC0EJABNiA2EEoAkA42EIcRFSEmETYCNhEH7jbyZP9m4LAAkACQAAAA==,sh4
AAAAEAAAAAABelIAAXwOARsMD2AAAAAgAAAAGAAAAAAAAABUAESNC44KjwlGDsABds/OzQ5gAACnKAAAmN/wlA==,s390
uEnAIACoC8CqEMAgAKkLxvb/AAChAACRAADAIACICsAgALhJwCAAqAqhAAAMCMEAAIkKbE2hAADZHBxMyQqhAA==,xtensa
CH1IUhSRCgAEOSkAAS+JAABAvf/ogIEADDlAAAA9IAAAOSkAAJFJABxIAAAcOSkAAUgAAAg5IAAAL4kAAkCd/w==,powerpc
//kUgP/2JIT/+RAA//WsRAA8EIAAGTwFAAAkBAAdJAcAAYyoADQkhP//rQcAAIyoADQUgP/7rQcAACQEAB0kBw==,mips
IAAHAAAAAzY6l4IQYzSCEIABBQtZysIg4ACEEKKDxCDgAAUAAADECKAAhSigGIU4oBjCISAAxCDgAAUAAADCCA==,sparc
AHyBKgAwgSkAAC+JAABAngBUgMoANDjqADiBCgAokSYAAJDoAACRKgAkgOoAPDkAAACRCgAJOIAAAYEnAAA5YA==,powerpc
4kMAAEGwAABdJAAAQigC8F9EAgDiQwAAQbD//18gAABBsAAAXSQAAEIoAvBfRAIA4kMAAEGwAABdJAAAQqACAA==,alphaev56
tIFs9FKJYAKTyUqJb+5SiEqIb/QgQCQfTl5OdU5WAAAvCi8CJC4AEEKAYAxSgWACQoFKgW/2UoBKgG/0JHkAAA==,m68k
AAAAAAACNABEhhKHEYgQiQ+KDosNjAyNC44KjwlGDsABAwHWCs/OzczLysnIx8YOYEILAAYYIBoUVCDSHlQQ0g==,s390
4inVEmP8MinRKdQSYSnRKtcSYSIhKdESYgDhUGASIhAfAeEBiAGNEiRxYSXSAeEA5iTQFRISIyTRJNNqEjIhJA==,sh4
AIIQP/gFAAAAwiCgAAUAAADCCKAAggB//xCAADHCKKAAgKBgASS///+CAGABhACgAYCgoAIEv//7ghAgAIYA4A==,sparc
AKIAGgBAAfQAABAQAAAQEjBCAP8kBQABAKIQIwCCECo4QgABMEIA/wBAICGPwgBIFIIABAAAAACPwgAQEEAABA==,mips
ABN9CAA0fOkDplUI2X5/ikAAgQkAEE/d6EJ9QAAmVUr//jDq//99R1EQgOkAAH0IUnhCAP/4OOAAAD1AAABg5w==,powerpc
IQdBSAEA4UMBAODDEAAvoAAE4UceBO9HAABepwgA/qUgAN4jAYD6a+D/3iMAAF63CAD+tQ8E/kcCBPBHAQTxRw==,alphaev56
gi+ZJ4f9kJVqLXstANCOI58jYJEAAHCRAACGD5cfANBqO3NPAfSAkQAAkJEAAIkrAfSA4JDgAMCA4JDgAMCB4A==,avr
E2YkdhJnFdNyIhFXciISVwxxYDFyIvWPAOUU0RTUAOYSYRIj/uESIxLREmIiIxKFElECIxIjENEQ0BJhEiMLQA==,sh4
DhBCzQ4IABgAAADgAAAAAAAAAPEAAAAARA4QAuwOCAAAAAC4AQAAAJn3+TsVAAAAAHwMuAAAAADrFIPAAesFuA==,x86_64
I8IAAAAAIHkAAAAAcAGBkBI5AAAAACJ5AAAAABABCgAAAQJAAP8GQP84MEAgCAaA///kTrCRX8BEAAAA/8gGAA==,m68k
I7AAAD0kAADisz0AnyAAAEOgAAAdJgAAfacRBP9HAABBsP+ZXyAAAEGwPQBfIAAAQbAAAF0kAABioCLHXyS0ng==,alphaev56
PGMRhAxgCGALIxKEDGYoRmsjE4QDZihGGEZrIzIiFIQMZhWEDGM4Y2sjMiIWhAxlF4QMYzhjWyMYhAxmKEZrIw==,sh4
lZCTAACAkwAAcJMAAGCTAACAkQAAkJEAAJCTAACAkwAAgJEAAJCRAACQkwAAgJMAAICRAACQkQAAkJMAAICTAA==,avr
YByA42H4cRyEA2ERQSCL42HIcR5SH+EWMhqJ42H4cRyEA2LjYchxHlF/4xthM2ccR3NhFzIMieNh+HEchANi4w==,sh4
AABCIEIEIkAAAGKgAABdJAAAYrABMCBA+P8/7AAAPSQAAEGgAgDiQwAAPSQAAEGwAABdJAAAQqACAOJDAABBsA==,alphaev56
IACnGgABpx4AAafE//FYENDyWCDQ4lggIABQIBAApygAJlAgEACnKAAJUCAQAKcoAABQIBAApygACVAgEACnKA==,s390
AAAAAAAAtAAAAABBDhCGAkMNBgKvDAcIAAAcAAAAXAQAAAAAAAA/AAAAAEEOEIYCQw0GegwHCAAAABwAAAB8BA==,x86_64
4wOgCQABoAHjAeMO0iFROiEREg3REmESYBB/Jk/2avZpCwD2aExkk24JAFEAAABQAAAAAAAAAAQAAABMZBO2yA==,sh4
AQAAAMIPoESCCGD/sBAAAYHoAACBw+AIAQAAAJ3jv6CEEAAYghAAGcQvoETCL6BIwg+gSIIIYP+AoGAAAoAADQ==,sparc
ADivswA0jFQADIxTABCMQgAUr7AAKDwQAACvsgAwr6IAICYSAJwkAv/oPAMAAK+2AECvtQA8r78ARK+xACyvtA==,mips
JsAAAwAAAPAIYACxLiAYsT4gCLE2IBCBx+AIgegAAAMAAADQAGAAkSogEIHD4AiRMiAQneO/mIIQP/7CJ7/8Aw==,sparc
gq0AAGKtAABCrQAA4qwAAMKsAACGjAgAbowAAIaMCABtjAAAhowIAGyMAACGjAgAa4wAAIaMCABqjAAAhowIAA==,mipsel
V3IjGldyIxtREiMU0RJhEiMU0RJhEiNm4RIjG+EiIxIjC0AJAADgJk8LAAkA/wBsfwkAAAAAAEQAAABYAAAAQA==,sh4
AAkAAAD6////ATggRAAANrABlEFMAQQnQAgAAS0LAGEsCAAhIMgEAUlBDWFIAQQBRSH2IUgCACD0AQC/IOz//w==,alphaev56
qQAAPKBux2ClUWqQqQAAkUkAAJFJAACRSQAAkUkAAIEIAAyRCQAAqQYABJEJAACQ6QAAkUkAADlA//2RSQAAPQ==,powerpc
QVZBVUFUVVNIg+wgQYn8ifNIx0QkGAAAAAC4AAAAAOsNSGPIxwSM/////4PAAYP4An7uRIstAAAAAEGB/QXymg==,x86_64
AABirAAABDwfEgI84P+9JyEwAAAhOAAAAACEJPtLQiQAAGKsHAC/rwAAAAwAAAAAHAC/jyEQAAAIAOADIAC9Jw==,mipsel
NBAAADMAAAAAp8AAeBAAACEAAAAAr8AAICfCADivwgBAJ8IAOK/CAEQnwgA4r8IASCfCADivwgBMJ8IAOK/CAA==,mips
QoBgNCQuAAgmAtaDdB+UrgAQ5askLgAMIgIoLgAQ6KmCgyQuAAggAiYuABDmqGAIIC4ACCIuAAwgQCJBIAgiCQ==,m68k
////AQAAADuWl1r5////AAAAAP//////////TJKa7TajVqdLlwguAACLSgSJDQAAAABIg8IISDnCdea6AAAAAA==,x86_64
RQAAjIQACAAAMCGsRAAArEAAADwEAACQhAAIAAQmAAAEJgOsRAAAJAT//6xEAAA0BP//rEQAACQEAAGsRAAArA==,mips
AECsAAACPBAAQowAAAAAAABArAAAAzwQAGWMOLoCPEVZQiQAAKKsAAAEPBwAgKwAAMWsEABljAAAAAAAAKOMYg==,mipsel
9uz/LvAt8JIAAOCSAAAgkQAAMJEAAITpKCfj4PDgAOAQ4Mwkw5TRLKEssSxA4KAvsS8Ulo2RnJEVl4x/mSeH/Q==,avr
AAAAAAE45IauAAAAAIQQYADGCGAAgyjgCMYIoAGGEMABwCigBMAooAXAKKAGghAgA8IooAcDAAAA+ABgALgHIA==,sparc
DQAAPAUAADwHAAAlZgA0PBAAACQZAAIBgEAhJBgABSQf//ckFAADrdkAOCQCAAONQwBAFGAAdyQVAAONgwBMjA==,mips
DBCO5QxAjuUgENzlADCg4/8QAeIMEI7lIRDc5VgAn+X/EAHiDBCO5SIQ3OWwUMzh/xAB4gwQjuUjENzlEJCM5Q==,arm
p/T/PaeIAACn9P9Op3gAAKf0/0USM6dIAAGnxAAEp0gAAFBAEACn9P+lUABAAFhQ0r5YMNLCp/T/SEEQ8GxQEA==,s390
AICRAACQkQAAkJMAAICTAAAfkh+SH5Ifkh+SH5Ifkh+SgOCQ4J+Tj5MA0I23nrcKlg+2+JSevw++jb+A4JDgCA==,avr
AACYCcAgAJkIkQAAmAnAIACZCAwIRgQAkQAAkJigqAmRAADAIACpCRuIpjjqgQAAmAiBAADAIACZCMAgAJkIwQ==,xtensa
mT8ARECeAZg5IAABOQAAGZE/AEh9CQOmgT8AXDlA//+BCQAAkUkAAEIA//iD3wBQOUD/+TkAABmZXwBEK54AAg==,powerpc
EAHiABCD5bYW0uEAEIPlaBDS5f8QAeIAEIPlaBCS5QEUoOFBGKDhABCD5WgAkuVsEJLl/xAB4gEUoOEgHIHhAA==,arm
PAMAACRjAJiUYwAEAGIQBICDAAAAYhAqcEYQAgACECc0QgABMEIA/yQDAF0AQwAbAGAB9AAAEBAwQgD/AMIQJQ==,mips
AgAAAAAAABwAAAAAQQ4QhgJDDQZXDAcIAAAAHAAAALwCAAAAAAAASwAAAABBDhCGAkMNBgJGDAcIAAAcAAAA3A==,x86_64
CACBAADAIACZCAwIRgAAG4imKPqBAADAIACYCIEAAMAgAJkIkQAAwCAAmAnAIACZCMEAANEAAKEAAIEAAOAIAA==,xtensa
AAAAQboAAAAAiz0AAAAAhf8Pj3n///9EicgxDQAAAACZQff4gz0AAAAAAYkFAAAAAEiLBQAAAABIiwUAAAAATA==,x86_64
LgAIPUD//kpu//5tGHAfsK4ADGUQMC7//kjAIi4ADOKgIABgBDAu//5OXk51TlYAAAyugAAAAAAIZwggLgAIRA==,m68k
AA++ykiLVehIO1WoD5TCD7bSOdEPncFIg33oAA+VwgnKD7bSiRCLRbhdw1VIieWJ+GaJRaxIx0XwAAAAAMdF/A==,x86_64
gJEAAJCRAACAkQAAkJEAAIHgkOCQkwAAgJMAABCSAAAQkgAAROZf4lCTAABAkwAAMJMAACCTAAAQkgAAEJIAAA==,avr
AAAAAFvDQVVBVFVTQYn9ifUPvsk7DQAAAAAPk8MPttuJHQAAAABED7fjZoP+AQ+Vwg+20onZid6J3+ii////Dw==,x86_64
Oy1MLV0tbi1/LYAvkS8AwCmBOoFLgVyBbYF+gY+BmIWiLrMuxC7VLuYu9y4ILxkvKi07LUwtXS1uLX8tgC+RLw==,avr
5QAwk+UDAFLhATCgIwAwoDP/MAPiAyCg4R0wW+UDAFLhAQAACgEwoOMAAADqADCg4wM4oOEjOKDhAzig4UM4oA==,arm
iG0QMC7//kjAIi4ADOOoIABgBDAu//5OXk51Tlb//CAuAAg9QP/+Sm7//m0eSq4ADG0YcB+wrgAMbRAwLv/+SA==,m68k
IEAkH05eTnVOVv/8SOc4ICguAAgmLgAMQoFgDlKAYAJCgHQCtIBs9FKBSoFv8iROQqI0OQAAAAA/A0JnQoAQBA==,m68k
SPz//yCX9EIgAAAQIiQA5HOiB2JAAABloB8E/0cAAOGwAwDiQwAAYbBUXH8kCl9jIAAAYbAAAOWgAAC9JAAAaA==,alphaev56
InBhHGIMYXKEGGEMZSshU2AoQAshc4QoQBhAGyAU0QggAYsSYiJiEmEA5RLSEmES0RLUIiFiYgDmIiER0iJiIg==,sh4
AAA4wAACkMkAAJFJAACIyAAMkMkAAJDpAACo6AAOkOkAAIDoABCQ6QAAkUkAAJFJAACRSQAAOOAoNZDpAAA4wA==,powerpc
OMAAADhjAACBSQAEgOkACIFJAAQ5SQAUkUkADJFHAACBSQAIPUCRy2FKTneRSQAQOUAAAZFIAAA9QAAAgQkABA==,powerpc
AAEuigAAkSYAAKEHAAhAnv7cL4UAAECeAFw5IAAAOUAAALEnAAo5IAAFkScADDkgAAGRJwAQOSD/+JknABRL/w==,powerpc
ABAAAAAAAXpSAAF8DgEbDA9gAAAAFAAAABgAAAAAAAAAnABEjAyNCwAAp4QAJFhAUACnCAAAUABAAKcW//dYEA==,s390
n+UAwIDl8f//GgQwnuVAAJ/lADCC5QgwnuUAMILlADDg4wAwguUAMJ7lADCC5QAgoOMAMKDj/v//6wAAoOMI0A==,arm
5QAQguUcEJPlOACf5QAQguWyMtPhAzig4UM4oOEAMILlBTCg4wAwguUAIKDjADCg4/7//+sEAKDhEEC96B7/Lw==,arm
U9aBBwAAVQgH/pEHAACBCQAcYUoAuH1KQniRSQAcqMkADDygAAA45QAAOQkAJDFGXASJRwADgIkAIH1KURA5Sg==,powerpc
sIgRMQAAiQMd8AA2QQCRAACoCYEAAICKMIkJIQAAHfAAAAA2QQAioP8d8DZBAAwLhgoADAmBAACZCIYFAAAAgA==,xtensa
AJzlACCg4wAAgeUIUJzlADCg4yQAn+UAUIHlAECM5QBAgeUA4IHl/v//6wQAoOFwQL3oHv8v4QAAAAAAAAAAAA==,arm
QFCAkSCYkyCDkwYBAACIB5gXLQg9CR3wAAA2YQB9ASkHORchAACxAACiJwDgAgAtCj0CIQAAsQAAqBfgAgAtCg==,xtensa
AAFIAAAIOQAAAC+IAAFAnf/IOOcAAUgAAAg44AAAL4cAAkCd/+Q4xgABL4YAAkCd/+w9QAAAOSAAAZEqAAA9IA==,powerpc
AAAwAAKAAAD//yIu/96CgBAu//NJwLCBXMBEABAAAoAAAAD/IAASOQAAAADBwRIAIDkAAAAAIACAAcAEScAvCA==,m68k
RKwIAGiMAAADPAAAZYwAAAQ85v8DJAAASKwhMAAAAAAIPCE4AAAAAIQkAABDrBwAv68EAAOtAABFrAAAAAwAAA==,mipsel
MNC+UDAQAFgwIAFQMBAAQ1AgBVjA0LpUUNC+p0gAAFgg0LZQUBAApzgAAKcYAAJQELAADexYQPCYpygAAJi/8A==,s390
LzEvAMAiDzMfipUC9IIvky+FlYWVmSeH/ZCVjBWdBQH0ii2bLYFwmSeQkwAAgJMAAICRAACQkQAAEZb8ku6ShA==,avr
5IwAAEOsAABErAAAAzwQAGSQEQBlJP8AhDAAAESsAwCoiAAABTwAAKSMEQBomAAApiQAAAM8DABqjAQAyYwBAA==,mipsel
QoBM7gAc//ROXk51FDkAAAAAeAKAhCPAAAAAACJ5AAAAAEK5AAAAAHTnI8IAAAAAI/x2NzpMAAAAACJ5AAAAAA==,m68k
RAAAObAhAD8gAADCpCExIEAAAMakpgXHQAAAxLD6/z/0GQA/IAAAJbAAAD0kAADhswMA4MMAACKkAAAjpAAA4Q==,alphaev56
AAAAEAAAABDRAACRAABGBQC4CKgYwCAAuQnAIACpCYuIx5jshx0FwsgYxvj/gQAAwQAAiAjRAADAIACJCYEAAA==,xtensa
//+vUAABAAH43EYmfrmvUNdVr1CvAfjcfrkABgAGAAEVd/jc+NwAAQAG11V+ua8BfrkAAa9Q11XSAAAAAAUAAA==,sparc
AAAAYQiKcZEJAAA9AFHbYQju6ZEJAAA5AP/6kQkAAIEKABiRCQAAgQoAHJEJAACBCgAgkQkAAIFKACSRSQAAOA==,powerpc
gKAAAjsAAAAFAAAAwgdgAIIRIACGQCAA9ABgBMAgoAC0BqABBQAAALIQAAT0IGAExicgAMAm4ADeEKAAsBAgAA==,sparc
geIDEKDhHQBT4/j//woGAKDjHv8v4QAwoOMAAADqATCD4gIAU+P8///aADCg4wAAAOoBMIPiAABT4/z//9oAMA==,arm
I/wAAFS0AAAAABA5AAAAAAKAAAAA/yPAAAAAAEK5AAAAAEKnQqdIeQAAAABOuQAAAABCgCQu//gmLv/8Tl5OdQ==,m68k
kQAAqA7AIAC5CMAgAKkIHA+4CcAgAPkIqBnAIAC5CMgpwCAAqQixAADAIADJCMAgALkIwQAA0QAAgQAAoQAAuQ==,xtensa
AAUYGBRxVYsYGBgYAAMYGDjlAAUYGBRxVYsYGBgY////+f////8oAiACIjkAAAAAAIFsYz9NgIEjwAAAAABg0A==,m68k
CgCKq5qqwQAAwKqQwhoAoQAAwCAAyQobmUYAAAwJphngG4hGAAAMCKYY8LLLAaY79MEAANEAAKEAAIEAAOAIAA==,xtensa
AADCB7/ogyhgAoIHgAGEECACxCB/hMIHv+iCAGABwie/6MIHv+iAoGACBL//9gEAAAADAAAAghBgAMIAQADEBw==,sparc
AAD//CA5AAAAAFbAScB0AZSAxbkAAAAASgNm0BA5AAAAACP8AAAAAAAAAABIeAAKSHkAAAAASHkAAAAATpJP7w==,m68k
zs3MywwPYAAAAAAAACwAAAHAAAAAAAAAAFgARosNjAyNC44KjwlEDsgBQg0LAkDPzs3MywwPYAAAAAAAACgAAA==,s390
vege/y/hEEgt6QiwjeIM0E3iEAAL5RQQC+U/FKDjEAAb5f7//+sAMKDhA0Cg4T8UoOMUABvl/v//6wAwoOEDEA==,arm
AABCp0KnSHkAAAAATrkAAAAAQoBM7gAc//ROXk51cAGwgVbAScBEgCCAIDkAAAAAUoAjwAAAAAB2DraAZwD+8g==,m68k
ADlIAAA44AAHkOoABIEqAAg8wAAAOSYAAIEpAAR9KQA0VSnZfn0pSPgdKf/4VSkEPi+JAAFP3ehCfSAAJlUp/w==,powerpc
lcdFmAEAAADHRZyeMlaVx0WgnjJWlcdFpJ4yVpXHRah6RpoRx0Ws49LjeMZF26vHRewAAAAA6y/HRegAAAAA6w==,x86_64
KCAuAAgiLgAMLy4AFC8uABAvAS8ATrkAAAAAT+8AECBAIkEgCCIJYAggLgAIIi4ADCBAIkEgCCIJJC7/+CYu/w==,m68k
AAdQIBAAUCAQAFgAwABYINCCpzgAAFAAEAAN5VhA8JinKAAAmM/wkAf0AAAAAAAAAP/LTnarAAAAAAAAAAAAAA==,s390
WCCgAFAgEACnKAAHUCAQAFgg0VJQABAADeVYQPCgpygAAJhv8IAH9FgQ0XpQEPBgWBDRblAQ8GRYcNF2WGDRcg==,s390
AAAAIDkAAAAAIHkAAAAACmgA0gACSMBy/eKgZixKuQAAAABWwEiAwfxHowKAAAD//3ICRkHhqWcQcAEjwAAAAA==,m68k
AGGwAABkoAMA40MAAGGwBABloAMA40MAAGGwRgB/IB8E/18AAGGwAAB9JAAAYzAjAONzAABhsAAAQqACAOJDAA==,alphaev56
OQAAAABKgWcGIDkAAAAAJDkAAAAA1IKVgkSCIAKzgCPAAAAAACB5AAAAAHQBTEAoAiACRkDAw3gByIAghCP8AA==,m68k
4QAAgeW4wN7hADCg4wzIoOFMyKDhAMCB5QBQgeW+wN7hLACf5QzIoOFMyKDhAMCB5f7//+sEAKDhcEC96B7/Lw==,arm
AAhgDPIuVAAACPIuVCMAEE5eTnVOVgAA8i5UGAAQ8gBcsvIABDjyQAAURAAKAAABSgBmWPIuVIAAEPIAXA/yAA==,m68k
AEBCEElHOVchAADBAADRAACoR7hX4AIALQqmEggoBzgXxgQAAAAhAADIJ9g3qAe4F+ACAC0KPQsd8DaBAH0BKQ==,xtensa
gCQu//gkbv/8Tl5OdXABIIAgOQAAAABCuQAAAAAj+QAAAAAAAAAAI/wAAADwAAAAAHTrI8IAAAAAcAEjwAAAAA==,m68k
QrkAAAAAcCBTgGcSIHkAAAAAIjkAAAAAIIFTgGbuSolmfi18v/RMrP/8IHkAAAAAQ+7//CCJMDkAAAAAE/z/7Q==,m68k
QrkAAAAAIHkAAAAASpBmCHADI8AAAAAAIHkAAAAAQpAwOQAAAABwKSB5AAAAACI5AAAAACCBUwBm7iP82SWChw==,m68k
KtQyYzgjRY9CYhJiImIoIj+LEmMyYzgjPIsyJAKgCQASYiHUEmEh0wDhEich0TBiEmX/clJgLGIgIwHL8mMCJQ==,sh4
AAAAAQAAALSGM2D6////AQAAAAIhLtEu0hIiEmEYITmPAOIs0iBh/3EQIiXREGIsYirRIiFEkiIhAiEBciIhJw==,sh4
H4AAAAAAuPb///8xyZn3+YPi9g+EX/7//0iLBQAAAABBgOwBSIsASIkFAAAAAIsFAAAAAA+OTf7//w+3BQAAAA==,x86_64
BDwEAAA8AgAAJ73/4KxDAAAAADghPAMAAAAAMCEkhAAArGAAAK+/ABysQAAADAAAAAAAAACPvwAcAAAQIQPgAA==,mips
AAAAAEEOIEKaBI8DQQ0PTc/aDB4AAAAgAAAAjAcAAAAAAABIAAAAAEEOIEKaBI8DQQ0PTc/aDB4AAAAgAAAAsA==,alphaev56
AXpSAAF4EAEbDAcIkAEAABQAAAAcAAAAAAAAAK8AAAAARA4QAqoOCAAAAAEAAADHBQAAAAD/////xwUAAAAAAQ==,x86_64
AiQcAIKsAADIjBAABCQAAAI8BABErAAAAjz2/wQ0AABErAEABCQAAESsVBAEPBTYhDQAAESsDAClkAAABDwALg==,mipsel
AAC9I/D/3iMAAF63AAB9pwBAW2sAALonAAC9IwAAPSQAAEGgAgDiQwAAPSQAAEGwAABdJAAAQqAAAEGwAABdJA==,alphaev56
nyGCbBoByCz/7DohgmMSJjJjymMjbDg8w2MB7MsjP2MRQwmNI2Mw0wDsMmEq08IhsmQyYaJjTmlSbC3cYiw+bA==,sh4
ITRwH9EOYB0wCgE8QQNjAEM6MzgxE2M8MzwxE2N9QxgzODD/yAGNAeMjkzIiAOUV0QDmFdISYSJiFNAiYhTUIg==,sh4
YQAAwgIDwCAAqFbRAACgoPR892Kv/rKgHXaLH5EAAO0GghkAC4iAgPSCWQCA55OYDY0O4QAAC/n5DYkOksn+DA==,xtensa
sAAA4bMAAOGzAADhswAAgbAAAEMwAAB9JB8E/18AAIOwAAB9JCJ2QEgfBP9HAABBsCA+XyQAAOOzRP1CIAAAQQ==,alphaev56
5RrRAObUgCIh0mKkhCIhENKCISJiIiGiYiIhFdICISIhsiGSYpSEIiECIRLQC0AJAADgCH8mT/Zu9m32bPZr9g==,sh4
5QgwjeUMMI3lbQAACghgleW8QNXhAWCG4ghgheX+///r/v//6wAQoOGMAKDj/v//6wEAVOFhAACaACCg4xAwlQ==,arm
IJPkMMCf5QAwguUsAJ/lACCg4wAwoOMAQIzlBECB5QjggeUA4Izl/v//6xBAvegAAKDjHv8v4QAAAAAAAAAAAA==,arm
I0EAADgXAANAQDCxJyMTIhcAgDIjKBcAEkAAI6GAIiNGAQAiFwCAIiMd8DZhAH0BORciVwAiFwCAIiOW0gEoFw==,xtensa
8i5EgAAM8jxEp3GAAADyAAQk8gAAGPI8RDg0////8kAAEkQACgAAAUoAZw7yLkQAAAjyLkQkAAxgBvIuRAAACA==,m68k
J9ECISJiJ9AiIXJiIiH94iIhJdIiISIhIiEqkiIhUmIA5SIhAeIiIfziIiEJ4iIh/+IiISIhIiEc0iIhHNIiIQ==,sh4
CgAIwCAAmAiBAADAIACZCJEAAMAgAJgJwCAAmQiRAADAIACYCcAgAJkIwCAAKQjBAADRAAChAACBAADgCAAd8A==,xtensa
CJEAAMAgAKkIoQAAwCAAmQjAIACZCKgKwCAAmQjAIACpCAwZwCAAmQiRAAAMepIZAMAgAKkIwCAAmQiRAADBAA==,xtensa
JV1HghBg/cIgoAADPLpZghBic8IgoAAHAAAAhhDgAMII4AjGCOAJgyhgCIIQwAGDKGAQgzhgEMIgoADAIKAAkg==,sparc
AEnEIi4AFLKSVsBJwESASoFsBHIBYAJCgUxBCAGyhG0GYAxSgGACQoBKgG/2YBYMAgABUsBJwESALwBIeP//Tg==,m68k
II+wABwnvQAoA+AACAAAAAAnvf/4r74ABAOg8CEAAAAAA8DoIY++AAQnvQAIA+AACAAAAAAnvf/Yr78AJK++AA==,mips
MM7lAACB5RjglOUAAJTlmDCf5QDggeUkYJTlAFCB5RDglOUMUJTlAACB5QAwgeV8AJ/lACCB5QAwoOMAIKDjAA==,arm
vf/gJIIAACQDAA6vvwAcrEMABDwCAACMRQAMjEUADDwCAACsRQAAPAUAAIylAAiMhAAArEUAAKxEAACsQwAAPA==,mips
RgAkLgAM5KCwgW0QQoAQLv/+Ii4ADOOoIABgBBAu//4kH05eTnVOVv/8LwIgLgAIHUD//nAfsK4ADGUkQoESLg==,m68k
CDyogIswiQLAIAAoCYEAAMAgAJgJDALAIACZCJgKwCAAKQjAIACZCJEAAAwLskkAkQAAwQAAwCAAkmgA0QAAgQ==,xtensa
EGAAgyhgEIM4YBDCIKAAghAgAcIgoADCIKAAwiCgAMIA4ADCIKAAghA//7AQIADCIKAAkhAgAJQQIAARAAAAQA==,sparc
AJCRAACAkQAAmSeH/ZCVkJMAAICTAACAkQAAkJEAAJCTAACAkwAAH5Ifkh+SH5Ifkh+SH5IfkoDgkOCfk4+TAA==,avr
8GSnOAD/FDunKAABpx4kmKckAASnKAAAVCDRelgQ0XYN4acY//9QEMAAWBDRklgQEADVA9FyEACndAALpxgAAA==,s390
AACAkQAA4JEAAPCRAACOL4WVhZWFlYWVKC8zJyf9MJWB4JDgMZcB8IIjkyOJKwH00JMAAMCTAADgkQAA8JEAAA==,avr
mogMDMJIABuZhgAAAAwJpjnmG6pGAAAMCqYa8Bu7piv1ggEEjOiRAACCmQEbiIkJhgkAAAAAgQAAiAiICJEAAA==,xtensa
gJMAAJCTAACAkwAAEJIAABCSAACQkwAAgJMAAB+SH5Ifkh+SH5Ifkh+SH5KA4JDgn5OPkwDQjbeetwqWD7b4lA==,avr
AOGz0GBfJIUFQiAAAEGwAABdJAAAQigC8F9EAgDiQwAAQbARBP9HAAAdJgAAECIAAH2nAEBbawAAuicAAL0jAA==,alphaev56
YADGAKAExiBgAMYAoAjGIGAAxgCgDMYgYADGAKAQxiBgAMYAoBTGIGAAxgCgGMYgYADGAKAcxiBgAMYAoCDGIA==,sparc
z5Pfk8233rculw+2+JTevw++zb+H4ODg8OCsL70vGJYBkA2SipUB9IDgkOAAwAGWGBYZBgT0LnUzeYCRAACQkQ==,avr
/QDATeVa5Y3lmuWQkwAAgJMAAICRAACQkQAAgJEAAJCRAACAkQAAgXCAkwAALC89Ly9fP08wkwAAIJMAACCRAA==,avr
AOIN0RJiCNEiIQzSImIiIQzUAOUM0AtAAOYA4CZPCwAJAFwCAAA8AAAAAAAAADgAAAA0AAAAHAAAABAAAAAAAA==,sh4
AAAAAABgAESMDI0LjgqPCUYOwAF8z87NzA5gAAAA8JinKAAAmM/wkAf0AAAAACA5gHAAAAAAAAAAAAAAAAAAAA==,s390
AAAAAAAAAXpSAAR4GgEbDR4AGAAAABgAAAAAAAAARAAAAABDDhBBmgJM2g4AAAAAvSMABP9HAABepxAA3iMBgA==,alphaev56
AAAAAACQAESNC44KjwlGDsABAmzPzs0OYABQMBAAWDAgCFAwEABYMCAMUDAQAFgwIBBQMBAAWCAgFFAgEABYEA==,s390
OSkAXDlfAEyRSQAAgT8AGDkpAAGRPwAYgT8AGC+JAABAnf/QgV8AeD0gAACRSQAAgT8AXEgAAMw5IAAAkT8AOA==,powerpc
ghBhZ5AKAAGQHgAIgKAACIZAIAAFAAAAhBCgAMIAoASCEMABgyhgGIM4YBiAp0ABFIAAA4QQIAGEECAAgKbAAg==,sparc
FBsAggANAAcAEiAAAP//hDAAAAM8TABijAAAAAAlEIIATABirAAAAzw8AGiMAAAAAAAAB40rIAYAJRhFAP8AYw==,mipsel
AIxjAAQsQwABFEMADDwCAAA8AgAArEAAGDwCAACMQgAAJAMAARAAAASsQwAAjEIAFBAA/+QkAgAEPAIAAIxEAA==,mips
48dO1ePHTtVPYbAAXAAAAAAAAABcAAAAAAAAAFwAAABgAAAADAAAAADAg+UEMJLlATBD4gQwguUAAFPjAwAAug==,arm
VgAALwJCuQAAAAAgeQAAAAAieQAAAABCuQAAAAAivAAAAAAieQAAAAAgESQAQkJIQkKB78EgEOvABAjvwQQIIA==,m68k
BTgcBYQQo1nEIGAABQAAAMQAoADEIGAAhBA//8QhIACEECAQsBAgAJIQIACUECAAxCBgABEAAABAAAAAkBIgAA==,sparc
MmMyIRzTMGM8YzIhG9MxhDBnDGAIYHxnCycyhAxlM4QoRQNjKENbJxXQGEN7IzIhAOViIWIhYiFiIWIhYiEA5g==,sh4
EJIAACCRAAAw4DCTAAAgkwAAKeAw4DCTAAAgkwAAIuYx5TCTAAAgkwAAIJEAADCRAAAwkwAAIJMAACzlOeAwkw==,avr
IJFpAAc5YP/7sIkACzyA4fyY6QANYIRleJAKAACRagAAkIoAAJEKAABMxjGCSAAAAYABABQ4YAAAOCEAEHwIAw==,powerpc
CgAAAAAwwJ/lAECT5QAgoOMAMKDjJACf5QBAgeUA4IHlAMCB5f7//+sQQL3oAACg4x7/L+EAAAAAAAAAABjQEQ==,arm
B8IgoADGAKAAAyYzcoIQYVmCGMABwiCgAAMAAACEEGAAxgBgAAMAAADGIGAAxACgBMQgYAAFAAAAhhCgAMQAoA==,sparc
AAAAAHYH8w8QRfzrCvMPEEX88w9ZRfhdw1VIieXzDxFF/PMPEU348w8QTfjzDxAFAAAAAA9UwfMPEA0AAAAADw==,x86_64
CCAuAAw9Qf/+PUD//DAu//7Qbv/8Tl5OdU5W//wiLgAIIC4ADD1B//49QP/8MC7//pBu//xOXk51Tlb//CIuAA==,m68k
QbAAAF0kAABCKAIA4nMAAEGwAABdJAAAQqACAOJDAABBsBEE/0cAAB0mAAAQIgAAfacAQFtrAAC6JwAAvSMABA==,alphaev56
i0X4vv8AAACJwdP+ifA5wn8PD7ZV/ItF+InB0+KJ0OsED7ZF/F3DVUiJ5Yn4iXX4iEX8g334H3clD7ZV/ItF+A==,x86_64
KKcAEhAAAPv/QiQjEAIAAgBgFBoAgwANAAcA//9CMAAAAzwIAGMkAgBnlBAACY3//+ckAgBnpAAAAzwBAAckGA==,mipsel
xiBgAMYgYADGIGAAuhAgAfogYAAJAAAUiBEj7cggYAD6IGAAxiBgAMYgYADGIGAAhSigEIUwoBCSECAAxCBgAA==,sparc
n+UAwIHlADCB5QAwgeUAMIHlAOCB5QAAgeUEMJHlROCf5QAwgeUIUJHlPECf5QDAguU4AJ/lACCg4wAwoOMAUA==,arm
gKoQoKB0gqCjgIrCN6gEDBNGAAAMA80DvQStAqX0/yEAAEgSKAIME0eiAjKgACAgdDoiMQAAKRMgIHQd8AA2QQ==,xtensa
AAAAAAAAAP//QjAAAGCsAAAEPAAAYqwAAIWUAAAEPOD/vSf//6UwITAAACE4AAAAAIQkAAACpRwAv68AAGWsAA==,mipsel
EAAAAAAAAAABelIABHgaARsNHgAYAAAAGAAAAAAAAAA8AAAAAEMOEESaAkfaDgAAAAC9IxAA3iMBgPprAAD+Lw==,alphaev56
HwEA0QDlDdMA5hJiDNABcgzUIiEM0TIhAOMyISIhC9IgYixiIiEB4iIhC0AJAADgJk8LAAkACQAAAAAAamlEZA==,sh4
AAABelIABHgaARsNHgAYAAAAGAAAAAAAAABMAAAAAEQOEEWaAknaDgAAAEBbawAAuicAAF6nAAT/RwAAvSMQAA==,alphaev56
AAAAj8IADChCACAQQAAHAAAAAJPDAAiPwgAMAEMQBzBCAP8QAAACAAAAAJPCAAgDwOghj74ABCe9AAgD4AAIAA==,mips
RBAlEEAABTwCAACMQgAMr6IAEBAAAA48AgAAFMAABjCEAAE8AgAAJEIAEIxCAAgQAAACLEIAASQCAAEAAhAqAA==,mips
0YNgCCAuAAgiLgAMIEAiQSAIIgkkHyYfTl5OdU5W//BI5z8AIC4ACCQuABC1gCIuAAwoLgAUuYEkLgAIKC4AEA==,m68k
AAGQyQAAOMAAAJEHAACAigAIkIkAAICKAAyQiQAAgOoAEJDpAACA6gAUkOkAAIFKABiRSQAAkQkAAEzGMYJIAA==,powerpc
rWAAGKYEAK+hGACCjv//xiTQ/8AUAABfrFQAgo0AAAAAAABCjAAAAAAAAMKuZABijQAAAAABAEIkAgBDKML/YA==,mipsel
imMgAABisAAAArEDAPZDAABisAMAfyAAAGKw//9/IAAAYrAAAOKzAAAisAAAPSQAACEgGABBIAAAfSQAAKGgAA==,alphaev56
/kcCBPBHAQTxRxAAT7AUAC+wFAAvoBAAIOQQAE+gAIA/JKEFQUADACDkFAAvoAEAISAJACDkEABPoBQAL6AYBA==,alphaev56
AAAAAIsFAAAAAIsFAAAAAESLHQAAAACLFQAAAACD8BBFhduJBQAAAAB0SkSLFQAAAAANKnTJKPfQwegfRAnQQQ==,x86_64
Q6wAAEOsAABDrAAAQ6wAAEOsAABDrAAAQ6wAAEOsAABDrAAAQ6wAAEOsAABDrAAAQ6z7/wMkAABDrAAARawcAA==,mipsel
ABgAAAAAAAAAXABEiw2MDI0LjgqPCUYOwAF+z87NzMsOYFhA8JinKAAAmL/wjAf0BwcAAAAAAAAAAAAAAAAAAA==,s390
AZeQkwAAgJMAAIXg4ODw4KDgsOABkA2SipUB9IXg4ODw4KwvvS8blgGQDZKKlQH0gJEAAJCRAAAgkQAAMJEAAA==,avr
VFDQbqdIAABYINBqpzgAAFBQEAAN7FhA8JinKAAAmM/wkAf0BwcAAAAAAAAA/wAAAAAAAAAAfo7fHwAAAAAAAA==,s390
pxoABhlBp3T/61gQ0cpYIBAAWBDR1lAgEACnKJg7UCAQAFgg0cZIICAAUCAQAFgg0cJDICAAVCDRvlAgEABYIA==,s390
IBAAQyBQDFQg0TJQIBAApygAAlAgEACnOAABWCDRLlAwEABYMNEqUDAQAFjA0SZDACAMp7gADlQA0TKnSAAAWA==,s390
kgAAEJIAAICRAACQkQAAkJMAAICTAACA4JDg6C/5L+4P/x/oD/kf7g//H+BQ8EAggTGBMJMAACCTAAAigTOBMA==,avr
pAAAAMwxAIAEPCRo5AEIAMSPAAAAACYQjAAMAMSPAAAAACYYjQAQAMaPFADHjyMgRgArYEQAIyhnACMQrAAhKA==,mipsel
AAAjwAAAAAAgOQAAAAAjwAAAAABCgDA5AAAAACPAAAAAAEKnQqdIeQAAAABOuQAAAABCgCQu//gmLv/8Tl5OdQ==,m68k
BBAu//4kH05eTnVOVv/8LwMvAiIuAAggLgAMHUH//h1A//xKLv/+byBKLv/8bxoQLv/+ScASLv/8ScF2f0xBOA==,m68k
ADCRaAAAoWoAGJFoAACJagAakWgAAKFqAByRaAAAiWoAHpFoAACpagAgkWgAAIlkAACAigAkkWgAAKEpAAKRKA==,powerpc
ABDU5fksguMQEJPlvSCC4wwgg+UoAIPpAOCB5QAgk+UUwJPlASBC4hQQk+UUAJPlAABS4wAwjOWkYJ/lADCB5Q==,arm
5QLBnecBIFLiAMCA5VwQn+UEAJPl+P//CgBAoOMAIODjTDCf5QgggeUAQIPlBACT5QAAg+UMAJHlAACD5QAggw==,arm
G4Cm4AACgAAHiAE//4CPIP8ygAAJ9DCgABC//9m4ECAAEL//8LgQIAGAjyD/MoAAAsgwoAAQv//SuBAgALUu4A==,sparc
BFAwEACnOAD/UDAQAFgwIAxQMBAAWCAgEFAgEACnKAD/UCAQAKc4AAhYINK+UDAQAKc4AAJQMBAAWDAgBFAwEA==,s390
AyQAAAQ8DACDrAAABDwAAISM4P+9JwAAAjwEAEOsHAC/rwAAg6wAAAQ8AACDrAQAQ4wEAEIkBABCjAAAg6wAAA==,mipsel
vf/gr78AHDwCAACMQgAIPAMAAKxiAAA8Ah0mNELsF6xiAAAAADghAAAwITwEAAAkhAAADAAAAAAAAAAAABAhjw==,mips
J9g3qAe4F+ACAC0KPQvGAAAoBzgXHfAANmEAfQEpBzkXSScoB5YCCSgnlrIIKCemwgLGIAA4JywCICMQDANBAA==,xtensa
GKDhIRig4bIQw+EE4JPlwCCf5QwAXuMIAADKCCCQ5QDAguUNINDlECCQ5QDgguUEIJDlASCC4gQggOXy///qlA==,arm
DCRCWwEMKkYAAAwKUgsAl6ICxicAgQAAfP8iHADAIAD5CEIcAAwCQED0wCAASQjAIAApCEILAcAgAFkIwCAASQ==,xtensa
AKDgsOC5g6iDEpYckhKXQJEAAFCRAAAgkQAAMJEAAMIv0y8ogTmBxC/VLzmDKIMh4DDgMJMAACCTAACQkwAAgA==,avr
UED/4wAAECED4AAIJAIABie9/+CvvwAcDAAAAAAAAAA8AgAAjEMAHDwCAACsQwAAPAMAAIxjABisQwAAEAAADA==,mips
CFDM5QAgnOX/UAPiBGCM5QAwnOUMcIzlADCc5QAwnOUAgJzlDwCU6ACAnOUAgJzlAICc5Q8Ajuju///qAAAAAA==,arm
EAAAAAABelIAAXwOARsMD2AAAAAkAAAAGAAAAAAAAABQAESMDI0LjgqPCUYOwAFyz87NzA5gAAAAB/QHBwAAAA==,s390
Q8AMAwwYQDiDQqBoMDTAN6IJPQiGAQAME0YAAD0CMDB04DMRQQAAiARCoAE3OAJCoABAIsAMAwwUIEODLQRBAA==,xtensa
kQAAMJEAAIrvj1+PPwHwIJEAADCRAAAg4DDgAMDwkgAAMJMAACCTAADgkQAA8JEAAICBkYGJKwH00JMAAMCTAA==,avr
0ganKAABGcunRAAEpygAAKdIAABUINH+WBDR+g3hiSAAEIogABASIqeEAAxYENH2vx8QAKd0AAqnKAAAp/QACA==,s390
GIQQ4ADyCKADyAigAfYIoAKJKSAQty7gCIgRAByGFsAEhhZAA8YgYADICKAFxgigBIco4AiGEQADxiBgAMgIoA==,sparc
jAAABDwBAEIwAABirOhXAzwvt2M0AACDrAAAgqwAAAQ84P+9JyEwAAAhOAAAHAC/rwAAAAwAAIQkHAC/jyEQAA==,mipsel
Wg9fJAAAwbAVWEIgAABBsAAAWCgCAOJzAABBsAEARSgCAOJzAABBsB8E/0cCAGUoAwBFKCIXQUgCBGJEIgDicw==,alphaev56
z/AwDdCn+v+QWMDRElgwwAAYI4kgABCKIAAQVDDRDokgAAVYENEKDeFYENEGWDAQCKdIAAHVA8AA0QKnJAAEpw==,s390
jEMABIyiAAwkBP/5J73/4CSpAAwARBAmPAQAACQIXuGvvwAcPAoAAKxpAAAAADghPAMAAAAAMCEkhAAArGIAAA==,mips
ZQAQkSUACDkgAACRJQAUfWlbeEgAABg4hAABK4QAA5CFABRBngCkhSwABIFFACQvif//kGoAAE/c4EI5QAABgA==,powerpc
9HQH/8hBsAHr7kWEwHQ9RIkNAAAAAIkFAAAAAOsuMcBFhcAPmcAzBQAAAACJBQAAAAD/yA+fwA+2wDkFAAAAAA==,x86_64
AUINCwKmz87NzMvKycgMD2AAAAAAACgAABDAAAAAAAAAAEQARIsNjAyNC44KjwlGDtABQg0LbM/OzczLDA9gAA==,s390
AAA5fwAAiUkAETlA//+RSQAUiUkAEYlJABCJSQAQoUkAHDlAABmBCwAYfUkDpjlK//9VCAf+VUoEPkIA//SA6Q==,powerpc
YAAFOeLXhBCiNsQgYAAFMKIFhBCg9sQgYAAFAAAAxiCgAAUASamEEKLMsBAgAJIQIACUECAAxCBgABEAAABAAA==,sparc
IKDjACCD5UYgoOMAIIPlCSCg4wAgg+XtLqDjACCD5Swgn+UKINLl/yAC4gAgg+UAIKDjADCg4xgAn+X+///rAA==,arm
dFmEQsQkR5bnwCAASBtBAABRAADAIABIBGLBSGkEDARJBUKgZUDuEKYuBMAgAEgawCAAaAjAIABIGMAgAGkIwA==,xtensa
UelSE2AjYTh+42/2bvZt9mz2a/Zq9mn2aAsACQAAAACAhi+WL+YvIk/wf/Nu42EIcUIhURHjYdBxbBF9EeNhCA==,sh4
AJ3jv6CCEAAYwjegRMIXoESCIAABgyhgEIMwYBCwEAABgegAAIHD4AgBAAAAneO/oIQQABiCEAAZxDegRMI3oA==,sparc
////SI1FgEiJhRD///9IjUWASImFGP///0iNRYBIiYUg////SI1FgEiJhSj///9IjUWASImFMP///0iNRYBIiQ==,x86_64
EAAAAAABelIAAXwOARsMD2AAAAAgAAAAGAAAAAAAAABIAESNC44KjwlGDsABas/OzQ5gAAAAAAAAP8tQvwAAAA==,s390
IUihA+FDAfA/RAEA4UMBBEFEAgDhQygAL6QAAEGwUAAvKAEwIEBQAC84UAAvKNv/P+QAAD0kAAAhoCExIEACAA==,alphaev56
X3DjGAIAAhAjMEQA/zBiAP8kAwAEAGIAGgBAAfQAABgQNGIABQBHECsAAiALAIcQKjhCAAE8BAAAAEcQKiSKAA==,mips
CAKmlCH/8H+KQAA5SQAAkAEAFEGeALCBCgAIOOAAFIEIAACBCgAIkOoABJEKAAiBCQAAPSAAADxgAAA4oAAAkQ==,powerpc
rwJyoACAd8FtDjB3MHBwdIB3EHBtk3LG6oCgdHBwdKCn8pzKYQAAoqD/oIgweAWiFgChAADQdyCJCnkFggwAhg==,xtensa
IQDmIWIP1CIhDuIiIQ7SMiEiIQ7SIiELQAkAAOAmTwsACQAJAAQAAAAMAAAAAAAAAHpj9hsQAAAACAAAAAAAAA==,sh4
EH0pSRB9KQDQVSkGPn0qS3iBPwAcVSkGPn0KS9Z9KEnWfSlQUFUpBj6BXwCkgR8ALFUIBj59B0N4fUZTeH0lSw==,powerpc
AAwDOQQd8AAANkEADAhGAAAbiKYo+iEAAMAgADgCIQAADBy9Aq0CJfr/pev/Zff/oEoggQAAwigAsQAAogIAJQ==,xtensa
tv++AQAAAOjt/v//uAAAAABIg8QQW11BXMNBVFVTTIslAAAAAIstAAAAAEiLHQAAAABIgfsAAAAAD5TAD7bAOQ==,x86_64
gTCTAAAgkwAAkJMAAICTAAAQkgAAEJIAAIPun+qQkwAAgJMAAB+SH5Ifkh+SH5Ifkh+SH5KA4JDgn5OPkwDQjQ==,avr
FAAAABQAAAAYIACoAokJoQAADBiJAYEAAMAgALgKGQiZC6EAAIEAAMAgACgCuAmZDHz5mQoMMsAgALkIKQoMAg==,xtensa
AAw4YwAAkQoAAJDqAACBCQARkQoAAKkJAByRCgAAgSkAIJEqAAA5IOqrkSoAAD0gAAA5KQAAgQkABJEKAAA5AA==,powerpc
4ATILOAHwgCAAMIAQACAoGAAEoAAUh8AAACEECAaEIAACJ4T4ADGB2AAxgDAAMYAwACAoOAAEoAADIQAf//CEw==,sparc
ACQC/5SsYgAArGUAAJCCAAgAADAhMEIA/6xiAACQggAIPAQAAAACFgAAAhYDJIQAAKxiAAAMAAAAAAAAAI+/AA==,mips
wwQE/0ehPYBA+f8/9AUwoEChXaBA+v8/9AQE/0cKAODDATAgQAEA4MMBBP9Hol0gQPv/X/QDMGBAAQDgwwME/w==,alphaev56
omYDZAlEGNALQExkGNjzYgRyk2TDZRbRC0EA5vFS8lMiKDEY81L0UyIYMxgS0RFQIH8mT/Zs9mv2avZpCwD2aA==,sh4
AABYINCSUAAQAKc4AACnGP/9UBDAAA3lWEDwmKcoAACYz/CQB/QAAAAAqa2/ggAAAAAAAAAAAAAAAAAAAAAAAA==,s390
kPSBAADBAADAIADYCIEAAKgNDALAqhCpDaEAAMAgAMkIqArBAADAIACpCKIbALKg/6Cg9MAgAKkIwCAAuQjAIA==,xtensa
PrcqUDEJD7b4lD6/D74tv623vrcRlorg4ODw4AGQDZKKlQH0gJAAAJCQAACgkAAAsJAAAMCQAADQkAAA4JAAAA==,avr
2gDjS9EA6KBiEmBK1yxiStH5ckrZS9VL3UzbTNQSLwDhCQCSbh1hgifk7hwx4iUTMwONLGLSYQFxEi3yYSXj5Q==,sh4
ADCPsAAsA+AACCe9ADgnvf/Yr78AJCekABgMAAFxAAAAADwCAACMQwA8PAIAAKxDAAA8AwAAjGMAEKxDAAA8Aw==,mips
ABCAABABAAAAAx///4IQY/+JKGABwgegTIIYf/+DKQABthA//8gHoEyHNsAEhhBAAwMf//+IEGP/wgegTIU5AA==,sparc
8D+/+PQnoEzCB6BMgKBgAAaAAEIBAAAAwgegTICgYB8UgAA+AQAAAMIHoEyCCGAggKBgAAKAAAgBAAAAiBA//w==,sparc
0bZDICAAVCDRxlAgEABYENGyWCDRrg3hWEDwmKcoAACY3/CUB/QAAAAAAAAAAAAAAAAAAAAAAACLyQAAAAAAAA==,s390
EjKiYSkEEi8B5gtL/ucA4RIsDOGCYhBB/IsI0RJh+a8M4QHkCyTJrwHhCQAYAAAABAAAAAQAAAAAAAAADAAAAA==,sh4
IRgAAAAAAzwAAGSMAABjJAQAY4wAAESsCADgAwQAQ6zY/70nJAC/rxgApCcAAAAMAAAAAAAAAjwEAEOMAAACPA==,mipsel
IBAAWCBQEFAgEACnSAAAWCDQnlAAUACnOAAAWFBQFFBQEAAN7FhA8JinKAAAmM/wkAf0BwcAAAAAAAAAAAAAAA==,s390
AMAgANgDwhIAgQAAgMwjwCAAyQh8osAgACkIwCAAqQjAIABJCMAgAFkIwCAA6QjAIAA4AyCZMMAgADkIwCAA+Q==,xtensa
Lw92AAAAANQAn+UEMJDlAzig4SM4oOGDEWPggRGD4AERg+ABEoPggTCD4IMxY+CwEJ/lATBT4AEwoBOowJ/lBQ==,arm
NIPhAhDS5QMg0uUBOIPhAjyD4Uggn+VIEJ/lADCC5bAw0eEDOKDhQzig4QAwguWwMNHhAzig4UM4oOEAMILlAA==,arm
AAA5AAAAgUkADJEKAAA5QP/usUkAEIFJABSBSgAAgQoAADFI//99SkEQOUqXGH1IBzQ5QAAFfUhT1h1KAAV9Sg==,powerpc
qEnAIACpCKhZwCAAqQioacAgAKkImHnAIACZCJEAAJgJwCAAmQiRAACoCcAgAKkIqBnAIACpCJgpwCAAmQiSoA==,xtensa
AI84oAAAkUkAADjAAACZSAAAOUAAfZFJAAA5QAAUkUkAADhjAAA5QEBbkAEAFJFJAABMxjGCSAAAAYABABQ4YA==,powerpc
AAAEPOD/vScAAAI8AQADJCEwAAAhOAAAAACEJAAAQ6wcAL+vAABArAAAAAwAAAAAHAC/jyEQAAAIAOADIAC9Jw==,mipsel
//9CMBwAZIz9/0AU//9CJAAAAjwUAEOMRAACJAAeAwADHgMAAgBAFBoAYgANAAcAAAACPAgAQKwAAAQ8EBgAAA==,mipsel
TAAArEsAAKxKAACsSQAArEgAAKxHAACsRgAArEUAAKxEAACsQwAAPAMAAIxjAAQ8BAAAJ73/4AAAOCEAADAhJA==,mips
AwBlLAAAXrcAABAiQQ1lSMQEhUgBBIFEAAAisAcAZigIACYoIRchSAEEYUQhAOFzAAAisABAW2sAALonAABepw==,alphaev56
AAAYOUcAAIDKAAwviQAAQJ4ACIEnAAA5RwAAgQoABDEo//99KUEQkSYAAIEqABQ5KQABkSoAFC+JABFAnv/IlA==,powerpc
EYIQgoCRAACZJ4f9kJUgkQAAMJEAAIIjkyOQkwAAgJMAACrnN+4wkwAAIJMAAJCTAACAkwAAgJEAAJCRAACQkw==,avr
gJEAAJCRAACQkwAAgJMAAB+SH5Ifkh+SH5Ifkh+SH5KA4JDgn5OPkwDQjbeetwqWD7b4lJ6/D76Nv4DgkOAIlQ==,avr
AjKg7sAgADkCMQAAwCAAyQI4A1EAAMAgADkCMQAAwQAAQgMAOAVAQHQLM8AgAEkCOQXAIAA5AtEAADEAAKEAAA==,xtensa
IAApCMAgAJkIkQAAfJvAIACoCZEAAMAgAKkIqAnAIAC5CJgZwCAAqQjAIACZCHz5wCAAmQgMGcAgAJkIkQAAwA==,xtensa
AECB5bgx0OE84J/lAzig4UM4oOEAMIHlGsDQ5QAgoOP/wAziADCg4yAAn+UAwIHlAOCB5f7//+sEAKDhEEC96A==,arm
KABErAAAAjwoAESMAwACJPT/ghQhKAAACADgA6woAiTg/70nHAC/rwAAAAwAAAAAAAACPCgAQ4wAAAI8AABDrA==,mipsel
4gAQg+UFENPl/xAB4gAQg+UGENPl/xAB4gAQg+UHENPl/xAB4gAQg+UIENPl/xAB4gAQg+UJENPl/xAB4gAQgw==,arm
4ADQIeAw4IY/n08A8CDgMOCB4JDgwhfTBwTwgOCQ4CCRAAAwkQAAgiuTK5CTAACAkwAAhu+f79+Rz5EIlQDQgA==,avr
LekAwJLlAwCD6AgAg+UCAKDjCACD5QEAoOMIEIPlBBCS5QBAoOMIEIPlCBCS5QXAoOMIEIPlvBDS4QEYoOFBGA==,arm
kzpgGH///9+QED/4uhAACICmf/gIgAADghAgAYIQIACEEAABAwAAAIIQYADCAGAIghhgAYMoYBgHG+EBhhDgKg==,sparc
AAAAAAAAADwDAACMZAAAjIMAADhjEC2sgwAAPAMAACQEEC2sZAAArGIAADwCAACMQgAErGIAAAAAOCEAADAhPA==,mips
AB+QyQAAOMAAMJDJAAA4wAAAkQkAAJEJAACBCgAQiIoAHjkI//+QiQAAOIAAALCKAASQ6QAAkQoAEJDqABSRCQ==,powerpc
//+spAAAiGQAfpTHADyZRAADAIAYIayjAACIQwAGPAQAAJhDAAkkhgAArKMAAJBCAAqsgAAAAAIWAAACFgOsog==,mips
QPtqOAD7cyQxAEMMAGDkAABHMLgdYEAAAH2nGQThRyJ2QEg29sFKuA1YQABA+2o49mFLoQUWQwE4IEShCSNAOA==,alphaev56
AABBjUoUillqFGpZCgTqXwEAXyAAAD0kAABhjcoUalkBAEDVAgT/RwHwX0QBOCBEAfA/RAQAIOQQAG+NGABPjQ==,alphaev56
wCAAyAzIDMgMVowGwQAAyAxWzPkhAADAIAA4AsAgADkCIQAAKAIxAADAIABIAzEAAMAgAEkDQQAASATAIABJAw==,xtensa
AAAAAFAARo4KAkTOAAAAACQAAABkAAAAAAAAAPwARIwMjQuOCo8JRg7QAQLiz87NzA5gAAAAAAAkAAAAjAAAAA==,s390
AICpAASA6QAIkKoAADigAACQ6gAAkMgACDjAAACJCQAMOSD/+5EKAACRKgAAkSoAAEzGMYJIAAABgAEAFDhgAA==,powerpc
ABKAACUBAAAAwge//ICgYAACgAAhAQAAAMIHv/CAoGAAFIAAHQEAAADCB7/wgKBgABKAAAYBAAAAwge/9ICgYA==,sparc
4UPw/94jAfA/RAAAHSeBViBIAAAIKSEFNkAAAP0mgQdBSB8E/0cmdsBIoQ0nQAMEI0QBAD8k3skhIAAA96QAAA==,alphaev56
Cs/OzczLDmBCCwBSWBDRCljA0QanCAAAUAAQAFgAwABQABAApwj//1AAEABYANECUAAQAKcIACpQABAAUAAQAA==,s390
AAAA6ZIAAABIY9DHRJQQjuIa4oPAAesFuAAAAACD+AF+5osdAAAAAL6R////vwMAAADo+f7//w+2yw+++LoDAA==,x86_64
DA9gAAAAAAAALAAADiwAAAAAAAAAcABGiw2MDI0LjgqPCUQO0AFCDQsCXs/OzczLDA9gAAAAAAAAKAAADlwAAA==,s390
AAAGPAEACDkhKEUAAAACPAAATKwQAMSMAABJrAEApTgAAEisAABHrOD/ByQAAEesKygFAAkACyT//wckAABHrA==,mipsel
AADAkQAA0JEAACGX0JMAAMCTAAAQkgAAEJIAAOCRAADwkQAAgOCQ4JGDgIOAkQAAoJEAALCRAACI4ODg8OABkA==,avr
AEWMAAACPAAARazu/wMkAAAFPAAABDzg/70nAACjrAAAQ6whMAAAAwADJCE4AAAAAIQkAABDrBwAv68AAAAMAA==,mipsel
kODoL/kv7g//H+gP+R/uD/8f7g//H+BQ8EAggTGBMJMAACCTAAAigTOBMJMAACCTAAAkgTWBMJMAACCTAAAmgQ==,avr
wCAAOQgoAsAgACkIIQAAKALAIAApCCEAAMAgADgCwCAAOQjAIAA4EsAgADkIwCAAOCLAIAA5CMAgADgywCAAOQ==,xtensa
Xs/OzcwOYAAA0GpQIBAAp0gAAFgg0GZQABAApzgAAKcYAABQEMAADeVYQPCYpygAAJjP8JAH9AcHAAAAAAAAAA==,s390
AABhsAgAYqAAAGGwDABioAAAYbAQAGKgAABhsBQAQqAAAEGwEQT/RwAAHSYAABAiAAB9pwBAW2sAALonAAC9Iw==,alphaev56
0gDmMWAiYQHJDdQZIAIiDdIhYQFxESIxYwvRMiEB4zIhAiEhYgnQLWIiIQtACQAA4CZPCwAJAAkACAAAAAQAAA==,sh4
AKziAASMxQAAPAIAACe9/+AwpQB9jEMAJDwEAACvvwAcrMUAAIxFACSMhgAAPAgAAAADGCqNCQAEAGYYJAAFMA==,mips
EBgAAP//YjABAEIoIxCiAEoAQBQUAEKtAAANPHZ7AjwXcUIkBACrJQAADjx9AAMkBACirQQAYq0IAGKtAwACJA==,mipsel
PAMAAIxjAAwD4AAIAAAAADwCAACsQAAUPAIAAAPgAAiUQgAKAKAQIRAAAAcAADAhWID//ySEAAEkYwABGGD//A==,mips
AOsDg8ABg/gBfvi4AAAAAMNIifDDRIsVAAAAAEUPv8JAD7b3RA++z0GD+QEPlMAPtsC6AAAAAPc1AAAAAA++wg==,x86_64
4JDgnIOLgxCSAAAQkgAAjC+dLwGWkJMAAICTAACA4JHgmoOJg4CRAACQkQAAhGDiL/MvkYOAg4TgkOCQkwAAgA==,avr
nAf0BwcAAAAAAAAAAAcHBweQv/Asp/r/kBi/UCCwZKcYAABQELBspxiax0AQsGxYELBkWCCwbFAgEABYILBkWA==,s390
aZOQ5gAAkKYAADjA//+QyQAAOKAAAJDpAAA4wAAAkQkAAJDpAACICgAUgYoAEIlqABWRiQAAOYAAAYDqABiZhA==,powerpc
MAvlADCg4zQwC+UAMKDjGDAL5RMAAOoAMKDjHDAL5QoAAOoYMBvlFCBL4gMgguAcMBvlAzCC4CwwQ+JqIKDjAA==,arm
BCouABDqqiguAAgqLgAMmoOZgmJCdODUrgAQSoJtDCYuAAwgA+WoQoFgNCQuAAwmAuKLdB+UrgAQ5KskLgAIIA==,m68k
OOoAAJABABQ8YAAAOKAAADjAAACBKAAAOGMAAHEpCFyRKAAAPSAAAIEKAACBRwAEOOAIXJDpAACRCQAAkUkAAA==,powerpc
AAAAAINF/AGDffwBfuhIiwUAAAAAixUAAAAAiRAPtwUAAAAAg8ABZokFAAAAAEiLRZhdw1VIieWJfcxIiXXAxw==,x86_64
BQAg5BgAL6Ah9iFIEABPpIEGQUgBAODDEAAvpAAE4UceBO9HAABepwgA/qUgAN4jAYD6awAAuycAAL0j4P/eIw==,alphaev56
AADEAKAAwiCAAAcAAAAFAAAAwiCgAMIgoADCIOAABwAAAMIg4AADAAAAwgBgALAQIACSECAAlBAgAMIgoAARAA==,sparc
AJEAAMAgAKgIgQAAuAnAIACpCKgZwCAAuQh8S8AgAKkIuSmRAADAIAC5CMAgAJkIwQAA0QAAgQAAoQAADALgCA==,xtensa
sAgAQ6ACAOJDAABBsAAARKACAOJDAABBsP3/XyAAAEGwAEBbawAAuicAAF6nAAT/RwAAvSMQAN4jAYD6ax8E/w==,alphaev56
IKDhBTBL5QIwoOEGMEvlBSBb5QYwW+UCMGPg/zAD4gMAoOEA0EviBLCd5B7/L+EQSC3pCLCN4gzQTeIAMKDhAQ==,arm
06EAAHygDADscw0Akk2tDaFBjQe6SRsAbUe7A/tDuwVuQxs4YEeiDWJDIgdJSAIA4kOiA+JDAgRQRCIHTEgCAA==,alphaev56
SQAIQZ4AJFTGBD45QAAHfUo2MGkIAAF9SFBQVUoGPn1KKhRIAAAIOUAAAZFJAAiBSQAIgUkAGH1KANB9Sgc0OQ==,powerpc
gAAWwCBgAICgYAIkv///ggBgAYQAoAGAoKAABL//+4IQIACAoiAAAoAABoCgYAAwgAAOgyhgGIM4YBiAoGAABA==,sparc
BQAAAMQAoADEIGAABQAAAMRIoADEIGAABQ/fVIQQoKTEIGAAhBA//8QgYAAFAAAAxACgAMQgYAAHAAAAhBAgAQ==,sparc
mYBtAACMIC4ACCIuAAxEgUCAbU4oLgAQKi4AFESFQIRtQCAuAAgiLgAMRIFAgGcyLy4ADC8uAAhIeP//Lzx//w==,m68k
bGx4CgAAAAAAwODjaCCf5WgQn+UEUJLlAACC5QBQgeUAAIHlADCB5QAwgeUAMIHlAOCB5QDAgeUAQIHlADCB5Q==,arm
AAF4EAEbDAcIkAEAABQAAAAcAAAAAAAAAAYBAAAAVA4QAvEOCADHBQAAAADlP+D5xwUAAAAA9v///8cFAAAAAA==,x86_64
kJMAAICTAACAkQAAkJEAAI5/kJMAAICTAAAv7z/vMJMAACCTAABAkQAAUJEAAFCTAABAkwAAMJMAACCTAAAgkQ==,avr
vScAAECsCACprAAAQKwAAAU8AABJrAAAQ6wAAESsAABHrAAABDwAAEasAABArAAAiowkAKOsGACjrxgApScAAA==,mipsel
xQAMr8QACK/GABCPxAAIBIAAHQAAAACPxAAQBIAAGgAAAACPxAAQKIQAIBCAABYAAAAAj8QAEDCEACCPxQAIAA==,mips
qQAUkKoAADygAACApQAAkKoAAICmAASQqgAAOKAAAIDGAAiQygAAOMD/9pDKAAA4wAAAkOoAAJEKAAA5AAABkQ==,powerpc
AIOcoxsAAAAoAAAAKAAAACgAAAA0i/////0AAACjYiujAAAAAAAAAACMYwAYrEMAADwDMjY0Y9o1rEMAAKxDAA==,mips
IGAAyACgHMggYADIAKAgyCBgAMgAoCTIIGAAyACgKMggYADIAKAsyCBgAMgAoDDIIGAAyACgNMggYAD6AKA4+g==,sparc
AAAAGAAAAAAAAAB0AESNC44KjwlGDsABAk7Pzs0OYAAgAKdIAABYINBWpzgAAFAAEAAN5VhA8JinKAAAmN/wlA==,s390
IVIhQiEyITIhYiEA5nIhUiEA5RWTciEyIf3jMiEiIRHSEdQiYiIhf+IiIQqSIiELQAkAAOAmTwsACQD4AKwAxQ==,sh4
DiEAACISAIAiIyAgdAYsAAwCIkcFDAIpJyEAACk3IQAAwCAAKAJIAjEAADITAIBTIzKn/zA10oAzIzAwdF0DOA==,xtensa
AABAk+UAIKDjADCg4ygAn+UAQIHlAOCB5QDAgeUAwIHlAMCB5f7//+sQQL3oAACg4x7/L+EAAAAAAAAAAAAAAA==,arm
iMAgAIkJIqD/HfAANkEAJf3/gQAAfPnAIACZCMAgAJkIkQAAwCAAmAnAIACZCMEAANEAAKEAAIEAAOAIAAwCHQ==,xtensa
QNUCBP9HAfBfRAE4IEQB8D9EBAAg5BAAb4kUAE+JahBqWQEA4MMQAE+JAARKXR4E70cAAF6nCAD+pSAA3iMBgA==,alphaev56
wCAAKQgioOnAIAApCCEAAMAgACkIIQAAwCAAKQgioP/AIAApCHzywCAAKQgMAsAgACkIsQAAwQAAwCAAuAvRAA==,xtensa
wCAAqQihAACoCsAgAKkIoQAAwCAAqArAIACpCKKg6sAgAKkIwCAAyQjAIACSaADBAADRAAChAACBAADgCAAd8A==,xtensa
neO/oIIQIAUFAAAABwAAAMIgoADCIOAAAyPglYIQYqmwECAAkhAgAJQQIADCIKAAEQAAAEAAAACQEiAAgcfgCA==,sparc
ryHwoAMwAMSvNADFrzgAxq88AMevAAACPHAARox0AEeMMADEjzQAxY8AAAAMAAAAACGQQAAhmGAAAAACPHgARg==,mipsel
O0X8cg6LRfiLVfyJwdPiidDrA4tF/F3DVUiJ5Yl9/Il1+IN9+AB4FIN9+B9/DotF+ItV/InB0+qJ0OsDi0X8XQ==,x86_64
YB/RL2IBiB7VEmMpARYwHdA8ZykBeDEdYT1neDEnMRrRKQcSYnkiIiH551FhGNFyIQDnciEB53IhQiEyIVFjAA==,sh4
yXQGiRUAAAAAuOT///+LFQAAAACJFQAAAACLFQAAAACJFQAAAAAx0khjyv/CSGvJDIP6A0iNsQAAAACLiQAAAA==,x86_64
ATBD4v8wE+IAIIDlDMCB5fr//xoDIYHgATBD4v8wA+IQIJLlAyGB4AEwQ+IQIJLl/zAD4vb//+oAAAAAAAAAAA==,arm
hhAgAYKAf/8Sv//+hBigAYCI4P8SgABRxCIAADcAAADyBuAAQAAAAAEAAAADAAAA0CZAAMQAYAADDTGRghBhTA==,sparc
/wDlKCYApigEJAf//4/GABAAxxgGAKMYJSQG//+PxQAQAKYQBgBEGAsBRBALj8QACABEICsUgAAdAAAAAI/EAA==,mips
lwT0iYEoLzMnJ/0wlY/nkOAKgADAlZWHlQqUAvSCF5MHBPCJgZknh/2QlQqAAMCID5kfCpQC9ADAiYEPkA+QDw==,avr
gP//gL8AEHyKLDB8ylN4OKD//4DfABB8qTQwgN8ACH+GSEBBnQBwgN8ACH+GSABAngAQgN8ADH+GUEBBnQBYgQ==,powerpc
jQuOCo8JRg7AAQJOz87NDmAAAABYINBWpwgAAqc4AABQABAADeVYQPCYpygAAJjf8JQH9AcHAAAAAPiAOdYkVg==,s390
vSMAAD0kAAAhoAEA4XMiAOFzAAA9JAAAIaABAOFzIQDhcwEAQUAlAOFzKACPIDQATyw7AG8sNAAvIMIGQUhBDw==,alphaev56
hhUAIQAAKachAAAptyEAACnHfPIp1yEAACnnIQAAKALAIAAoAsAgADgCTQNohwwVDANgNZMwMHRdAzInEjA14g==,xtensa
KBcbIikXKBemMtsoBxsiKQcoB6YiyQwCKQeGEQAMAikXBg0ADAIpJ4YIADgHLQPwIhE6IjgXOjIoJyoj4CIRKg==,xtensa
kwAAIJEAADCRAAAwkwAAIJMAAJCTAACAkwAAJOw/4TCTAAAgkwAAkJMAAICTAACH4JDgkJMAAICTAACO4JjrkA==,avr
IAAAQbAAAF0kAABCoAAAQbAAAF0kAABCKALwX0QCAOJDAABBsAAAobAAAGMgBABDMCIA4nMAAEGwAABdJAAAYg==,alphaev56
AGWMITgAAAAARawIAGWMAAAAAAAARawMAGWMAAAAAAAARawQAGaMCACFjAAARqwUAGSMITAAAAAARKwYAGSMAA==,mipsel
CPTDuiwAAAAY8TuOEvYAAAEAAAD94gDiQtEiIULXAOMTYnJhMiEiYf9xEUH5jRIiJaAJAD3RIiE93gDtPdw+2w==,sh4
AFgg0LJQIBAAWCDQtlAgEABQIBAAWCDQslAgEABYINC2UCAQAFAgEABYINCyUCAQAFgg0LZQIBAAUAAQAFgg0A==,s390
//IgQCIu/+YQLv/3SIAwAAKAAAD//y8KLwgvAS8ATroBLk/vABBVjx9AAAFVj066AM5Yj0qAZwRwAWACQoB0AA==,m68k
TnVOVv/8IC4ACD1A//4wLv/+REBOXk51Tlb//CIuAAggLgAMPUH//j1A//wwLv/+0G7//E5eTnVOVv/8Ii4ACA==,m68k
ACAIJB8mH05eTnUwfAL9sfkAAAAAXsJJwkSCsIJXwkiCkEI0AAKCAAD//3AB5KB0AEYCwILgoXABkAFCQRIAQg==,m68k
AzcAAADEIGAAhhbgAMQQ4ALEIGAAxADgBMQgYACEECADCQAAAMQ24AD0ASAABRZFS4QQoOKEDoACxCEgAMYA4A==,sparc
AAAAASIhQiEj0mIhImIiITqSIiEh0lIhIiEiISIhYiFiIR7SYiEgYixiIiEd0iBgDGchhAxoIoSIaAxjI4R7KA==,sh4
AMAgYAAFAAAAxACgAMQgYAAHAAAAhBDgAMYA4ADGIGAAxgCgBMYgYADEAKAIxCBgAJIQIACUECAAEQAAAEAAAA==,sparc
ISghMSBAAvA/RAAAPSQAAEE4xQDgwwAAPSQAACEggAAvtEgA77MJAODDSAAvoEEWIEBAAA8jAQQBQ3AAISAAAA==,alphaev56
4AAAgUkABIkHAABtSg7RaUqtZzkI//+RSQAEOUD//5FJAAg5QAABmQcAAJFJAAxIAAAAAAAAAAAAAAAAAAAAAA==,powerpc
wEw5KgAAYOfLY4EJABiBCQAYkOoAADlAAP+RSAAAqQkAJIFJADCgyQAgVUoGPoDpAEB9SkN4gQkAcDlKKR1gxg==,powerpc
AAAAAAAAAAF6UgABeBABGwwHCJABAAAUAAAAHAAAAAAAAABBAAAAAEQOEHwOCAAABHzzt+gAAAAAMcBIg8QIww==,x86_64
uS8tkzyTjYGegQGWnoONg42BnoEYFhkGBPSLgZyBAZacg4uDi4GcgQOXBPCB4IDgiC+Q4Ogv+S/glfCVgJEAAA==,avr
IAxUINF2UCAQAKdIAACn9AAnGBSJEAABGhQaExoSiRAAAlhQ0XJYUVAAWBDRilBQEACnKgABp/QABKcoAAASIg==,s390
ALkIohoDoKD0wCAAqQjAIACoCcAgAKkIohkCoKD0wCAAqQiSGQOQkPTAIACSaADBAADRAAChAACBAADgCAAd8A==,xtensa
yQAAOMAAAIFHACCRSQAAqUcAJJFJAAA5QAAJkUkAAJCpAAA4oAAATMYxgkgAAAGAAQAkOGAAAHwIA6Y4IQAgTg==,powerpc
EABYINFSWDAwAFAwEABYMCAAUDAQAFgwIARQMBAAWDAgCFAwEABYMNFOWCAgDFAgEABYIDAAUCAQAFgggABQIA==,s390
/wAA4gQAgeUEMIHlBOCB5QTAgeUIwJHlaACf5QTAgeUEAIHltAHS4fTh0uEAIKDhVMCf5VQAn+UEIIHlBOCB5Q==,arm
VSkGPkgAAAiJPwAIfSNLeDl/ACCD6//8fWFbeE6AACCUIf/gk+EAHHw/C3h8aRt4kJ8ADJk/AAiBPwAML4kAAA==,powerpc
AYkpIBiJOSAYyCBgAMQIoAKFKKAYhTigGMQgYACEECAIxCBgAAURdSGEEKPHxCBgAAUaQbmEEKMexCBgAIQQIA==,sparc
4DEhsOoAHDlAAAeQiQAAkUkAAD1AclphSoiQkQkAAJEJAACRCQAAkUkAADlAKAGRSQAAOUAxIZEJAACRSQAATA==,powerpc
AAABeCcPtw0AAAAAiwUAAAAAifCZ9/mD+nUPlMBBD6/AD7bAAfgPhWP///9IiwUAAAAAiwUAAAAASIsFAAAAAA==,x86_64
cYQyISIhAOIiIXBiDtQsYiIhcYQN0gxgAiEN0CJiMiEiIQtACQAA4CZPCwAJAAkABAAAABAAAAAMAAAABAAAAA==,sh4
AAAAbwZ1ZU0+5JSEAAAAAAAAAIe+01Ut/Kam//3///8AAADnBwAAAAAAAAAIAPNvAAAAcHZg5wYAAAAC9////w==,x86_64
2nBALekQ0E3ifMCf5QBAnOUAwJTlAABc4wgAAAoAMKDjADCE5RQAAOoQ4I3iDOGO4AFQoOMMUA7lBcCM4AAAAA==,arm
AKAIxCBgAIQQIAfEIGAABRjgpoQQofrEIGAABQIGyYQQowbEIGAAhhAgRsYgYACEECACxCBgAMYgYADEIGAAxg==,sparc
AAcQQCTnAAEo4gACFED/+gAAKCElCAABKQIAA1RA//oAADghPAIAACQDAHmsQwAAPAMAAIxjAAisQwAAPAMAAA==,mips
kwAAhu+f75CTAACAkwAAkJMAAICTAACQkwAAgJMAAC/vP+8wkwAAIJMAAEbgUOBQkwAAQJMAADCTAAAgkwAAkA==,avr
AACAkwAAjYGZJ4f9kJWQkwAAgJMAAB+SH5Ifkh+SH5Ifkh+SH5KA4JDgn5OPkwDQjbeetwqWD7b4lJ6/D76Nvw==,avr
jAAAAAAAAEOscxMDPKdcYyQAAEOsVE8DJAAAQ6z4/wMkAABDrAS7AzyHA2MkAABDrCEwAAAhOAAAAAAEPAAAhA==,mipsel
